dt,user_id,book_id
2021-07-17,34,1609360
2021-07-17,34,1691290
2021-07-17,34,1774601
2021-07-17,34,1800925
2021-07-17,34,1314117
2021-07-17,34,399009
2021-07-17,34,1257657
2021-07-17,34,5966
2021-07-17,34,1807871
2021-07-17,34,139378
2021-07-17,34,1554646
2021-07-17,34,1724968
2021-07-17,34,364427
2021-07-17,34,1770083
2021-07-17,34,1960622
2021-07-17,34,1306039
2021-07-17,34,913497
2021-07-17,34,2073889
2021-07-17,34,1882045
2021-07-17,34,2006124
2021-07-17,34,475132
2021-07-17,34,1834048
2021-07-17,34,913924
2021-07-17,34,856344
2021-07-17,34,432804
2021-07-17,34,1705368
2021-07-17,34,1318741
2021-07-17,34,1864610
2021-07-17,34,1381486
2021-07-17,34,1863416
2021-07-17,34,1083
2021-07-17,34,344141
2021-07-17,34,1991618
2021-07-17,34,1882148
2021-07-17,34,988554
2021-07-17,34,867557
2021-07-17,34,867132
2021-07-17,34,1662536
2021-07-17,34,321274
2021-07-17,34,92545
2021-07-17,34,274265
2021-07-17,34,1382290
2021-07-17,34,1542205
2021-07-17,34,1830125
2021-07-17,34,74010
2021-07-17,34,1371554
2021-07-17,34,1583348
2021-07-17,34,1243341
2021-07-17,34,1662295
2021-07-17,34,1840325
2021-07-17,34,1058022
2021-07-17,34,656442
2021-07-17,34,1885998
2021-07-17,34,1241876
2021-07-17,34,1827811
2021-07-17,34,1735399
2021-07-17,34,1766156
2021-07-17,34,1314990
2021-07-17,34,1778865
2021-07-17,34,66612
2021-07-17,34,1578571
2021-07-17,34,55804
2021-07-17,34,70157
2021-07-17,34,329681
2021-07-17,34,426068
2021-07-17,34,622304
2021-07-17,34,1118731
2021-07-17,34,1004680
2021-07-17,34,300068
2021-07-17,34,18122
2021-07-17,34,1840616
2021-07-17,34,773042
2021-07-17,34,2081
2021-07-17,34,100083
2021-07-17,34,1554737
2021-07-17,34,1566090
2021-07-17,34,1844212
2021-07-17,34,1743696
2021-07-17,34,886580
2021-07-17,34,1807965
2021-07-17,34,1721870
2021-07-17,34,88824
2021-07-17,34,1970971
2021-07-17,34,1153055
2021-07-17,34,305909
2021-07-17,34,23986
2021-07-17,34,1012832
2021-07-17,34,1622569
2021-07-17,34,1540426
2021-07-17,34,810964
2021-07-17,34,13086
2021-07-17,34,1341856
2021-07-17,34,1801807
2021-07-17,34,338000
2021-07-17,34,1819688
2021-07-17,34,732458
2021-07-17,34,106450
2021-07-17,34,243733
2021-07-17,34,1837801
2021-07-17,34,1854339
2021-07-17,34,306182
2021-07-17,34,2084316
2021-07-17,34,1245644
2021-07-17,34,193779
2021-07-17,34,1826859
2021-07-17,34,1502356
2021-07-17,34,1102483
2021-07-17,34,1943466
2021-07-17,34,1838299
2021-07-17,34,732103
2021-07-17,34,616993
2021-07-17,34,1258968
2021-07-17,34,6226
2021-07-17,34,1691335
2021-07-17,34,7854
2021-07-17,34,1120350
2021-07-17,34,113600
2021-07-18,34,1818369
2021-07-18,34,909053
2021-07-18,34,9667
2021-07-18,34,8343
2021-07-18,34,13073
2021-07-18,34,1896208
2021-07-18,34,346038
2021-07-18,34,1601283
2021-07-18,34,1894288
2021-07-18,34,331709
2021-07-18,34,144802
2021-07-18,34,904773
2021-07-18,34,1443415
2021-07-18,34,1581936
2021-07-18,34,1258012
2021-07-18,34,1451656
2021-07-18,34,1505835
2021-07-18,34,1837069
2021-07-18,34,1618820
2021-07-18,34,904852
2021-07-18,34,1465555
2021-07-18,34,1684680
2021-07-18,34,211129
2021-07-18,34,901368
2021-07-18,34,710659
2021-07-18,34,1699672
2021-07-18,34,1984073
2021-07-18,34,1148719
2021-07-18,34,1725375
2021-07-18,34,80367
2021-07-19,34,1323042
2021-07-19,34,100310
2021-07-19,34,1381296
2021-07-19,34,243525
2021-07-19,34,2080824
2021-07-19,34,1448009
2021-07-19,34,1883349
2021-07-19,34,1443742
2021-07-19,34,1544587
2021-07-19,34,1781244
2021-07-19,34,1840351
2021-07-20,34,1860508
2021-07-20,34,1260173
2021-07-20,34,1260634
2021-07-20,34,2684603
2021-07-20,34,605676
2021-07-20,34,1262013
2021-07-20,34,2114945
2021-07-20,34,1454960
2021-07-20,34,244297
2021-07-21,34,1710018
2021-07-21,34,1708442
2021-07-21,34,1953406
2021-07-21,34,10745
2021-07-22,34,747943
2021-07-22,34,1559512
2021-07-22,34,1648798
2021-07-22,34,1075322
2021-07-22,34,1636618
2021-07-22,34,1286165
2021-07-22,34,951848
2021-07-22,34,118185
2021-07-23,34,1922126
2021-07-23,34,718913
2021-07-23,34,1471355
2021-07-23,34,1562556
2021-07-23,34,97258
2021-07-23,34,1936776
2021-07-23,34,342519
2021-07-23,34,1757714
2021-07-23,34,1033076
2021-07-23,34,346000
2021-07-23,34,1382489
2021-07-23,34,341401
2021-07-23,34,1562448
2021-07-23,34,1688656
2021-07-23,34,1562519
2021-07-23,34,1019223
2021-07-23,34,885304
2021-07-23,34,1757656
2021-07-23,34,1748570
2021-07-23,34,1597333
2021-07-23,34,1579626
2021-07-23,34,345460
2021-07-23,34,1005180
2021-07-23,34,897434
2021-07-23,34,869512
2021-07-23,34,269336
2021-07-23,34,18749
2021-07-23,34,445209
2021-07-23,34,1098641
2021-07-23,34,852089
2021-07-23,34,1706138
2021-07-23,34,1039312
2021-07-23,34,18678
2021-07-23,34,1756671
2021-07-24,34,2090245
2021-07-24,34,23585
2021-07-24,34,1608856
2021-07-24,34,1296655
2021-07-24,34,943470
2021-07-24,34,1553851
2021-07-24,34,1189486
2021-07-24,34,1821028
2021-07-24,34,1180727
2021-07-24,34,1821019
2021-07-24,34,1541696
2021-07-24,34,1619168
2021-07-25,34,345237
2021-07-25,34,1536836
2021-07-25,34,1663399
2021-07-25,34,1381196
2021-07-25,34,5853
2021-07-25,34,345279
2021-07-25,34,17575
2021-07-25,34,2126
2021-07-25,34,1554276
2021-07-26,34,1554107
2021-07-27,34,2024395
2021-07-27,34,2103675
2021-07-27,34,1643885
2021-07-28,34,1618146
2021-07-28,34,350021
2021-07-29,34,43289
2021-07-29,34,1592010
2021-07-29,34,1850097
2021-07-29,34,2093301
2021-07-30,34,1271504
2021-07-30,34,16066
2021-07-30,34,1905095
2021-07-30,34,1362718
2021-07-30,34,1341578
2021-07-30,34,1813999
2021-07-30,34,866843
2021-07-30,34,341662
2021-07-30,34,874185
2021-07-30,34,1197780
2021-07-30,34,28346
2021-07-30,34,960385
2021-07-30,34,1870347
2021-07-30,34,1873470
2021-07-30,34,1870340
2021-07-30,34,1553937
2021-07-30,34,1554184
2021-07-30,34,1541752
2021-07-30,34,1870344
2021-07-30,34,1870342
2021-07-30,34,908259
2021-07-30,34,1553892
2021-07-30,34,1870343
2021-07-30,34,617517
2021-07-30,34,1595875
2021-07-30,34,1541719
2021-07-30,34,1271505
2021-07-30,34,829051
2021-07-30,34,1870345
2021-07-30,34,560132
2021-08-01,34,1089048
2021-08-01,34,2115980
2021-08-01,34,1870724
2021-08-01,34,1691207
2021-08-01,34,1272638
2021-08-03,34,1466038
2021-08-03,34,118190
2021-08-03,34,1821071
2021-08-03,34,1882090
2021-08-04,34,160350
2021-08-04,34,171479
2021-08-04,34,1335368
2021-08-04,34,86746
2021-08-05,34,306363
2021-08-05,34,1659022
2021-04-30,23,911566
2021-04-30,23,1104562
2021-04-30,23,1796629
2021-04-30,23,903725
2021-04-30,23,127972
2021-04-30,23,931744
2021-04-30,23,822696
2021-04-30,23,2088581
2021-04-30,23,920601
2021-04-30,23,1425319
2021-04-30,23,2000390
2021-04-30,23,719339
2021-04-30,23,1160465
2021-04-30,23,713523
2021-04-30,23,1392622
2021-04-30,23,933370
2021-04-30,23,1105451
2021-04-30,23,916521
2021-04-30,23,573987
2021-04-30,23,223315
2021-04-30,23,795876
2021-04-30,23,1104629
2021-04-30,23,736245
2021-04-30,23,795860
2021-04-30,23,1535797
2021-04-30,23,549001
2021-04-30,23,713475
2021-04-30,23,94229
2021-04-30,23,224657
2021-04-30,23,430311
2021-04-30,23,1776117
2021-04-30,23,251876
2021-04-30,23,548999
2021-04-30,23,1517781
2021-04-30,23,2000982
2021-04-30,23,246809
2021-04-30,23,599005
2021-04-30,23,584966
2021-04-30,23,503661
2021-04-30,23,889278
2021-04-30,23,350382
2021-04-30,23,227653
2021-04-30,23,1952482
2021-04-30,23,326679
2021-04-30,23,1147260
2021-04-30,23,713359
2021-04-30,23,468956
2021-04-30,23,63574
2021-04-30,23,1549521
2021-04-30,23,723683
2021-05-01,23,1155256
2021-05-01,23,389391
2021-05-01,23,759109
2021-05-06,23,1758502
2021-05-06,23,767184
2021-05-06,23,1935956
2021-05-06,23,326581
2021-05-06,23,566222
2021-05-07,23,1050360
2021-05-07,23,258884
2021-05-07,23,1230253
2021-05-07,23,1207798
2021-05-07,23,218557
2021-05-07,23,643821
2021-05-07,23,193989
2021-05-07,23,1584575
2021-05-07,23,714545
2021-05-08,23,1083076
2021-05-08,23,1901190
2021-05-08,23,418616
2021-05-08,23,207893
2021-05-08,23,536490
2021-05-09,23,538176
2021-05-09,23,1225619
2021-05-09,23,538169
2021-05-09,23,1478377
2021-05-09,23,734760
2021-05-09,23,221755
2021-05-09,23,1933086
2021-05-09,23,538157
2021-05-09,23,1576668
2021-05-09,23,553891
2021-05-09,23,679390
2021-05-09,23,1962396
2021-05-09,23,1768528
2021-05-09,23,18273
2021-05-10,23,1807807
2021-05-10,23,1088720
2021-05-10,23,1826856
2021-05-10,23,1872432
2021-05-10,23,206301
2021-05-10,23,1809901
2021-05-10,23,1810129
2021-05-10,23,1424695
2021-05-10,23,705362
2021-05-10,23,1835838
2021-05-10,23,170008
2021-05-10,23,891445
2021-05-10,23,1835576
2021-05-11,23,1933991
2021-05-11,23,755780
2021-05-11,23,1792682
2021-05-12,23,1915659
2021-05-12,23,1757895
2021-05-12,23,1717643
2021-05-12,23,408604
2021-05-12,23,1709603
2021-05-12,23,1217673
2021-05-12,23,1380283
2021-05-12,23,1779406
2021-05-12,23,499687
2021-05-12,23,978947
2021-05-12,23,1235981
2021-05-13,23,676169
2021-05-14,23,544724
2021-05-14,23,1927629
2021-05-14,23,230168
2021-05-14,23,612224
2021-05-14,23,712988
2021-05-14,23,713409
2021-05-14,23,713037
2021-05-14,23,1147527
2021-05-14,23,712513
2021-05-15,23,478201
2021-05-15,23,1134763
2021-05-18,23,657587
2021-05-22,23,1202124
2021-07-07,23,1034053
2021-07-07,23,746747
2021-07-30,23,554915
2021-08-07,23,408500
2021-08-08,23,416296
2021-08-08,23,1297244
2021-08-12,23,921871
2021-08-12,23,145780
2021-08-12,23,1456099
2021-08-12,23,1774555
2021-08-12,23,712918
2021-08-12,23,597415
2021-08-12,23,933221
2021-08-12,23,743157
2021-08-12,23,188995
2021-08-12,23,712523
2021-08-12,23,524698
2021-08-12,23,560433
2021-08-12,23,553146
2021-08-12,23,940815
2021-08-12,23,524690
2021-08-12,23,945437
2021-08-12,23,1237362
2021-08-12,23,1237336
2021-08-12,23,1830459
2021-08-12,23,946547
2021-08-12,23,1237314
2021-08-12,23,795788
2021-08-12,23,712588
2021-08-12,23,552984
2021-08-12,23,984192
2021-08-12,23,1237333
2021-08-12,23,1627385
2021-08-12,23,1926452
2021-08-12,23,524685
2021-08-12,23,714543
2021-08-12,23,713248
2021-08-12,23,953934
2021-08-12,23,251850
2021-08-12,23,941514
2021-08-12,23,1576999
2021-08-12,23,251869
2021-08-12,23,1188360
2021-08-12,23,108692
2021-08-12,23,745828
2021-08-12,23,242956
2021-08-13,23,1729985
2021-08-14,23,649582
2021-08-14,23,408720
2021-08-14,23,1468457
2021-08-14,23,437550
2021-08-15,23,26696
2021-08-15,23,1695955
2021-08-15,23,1047868
2021-08-15,23,821554
2021-08-15,23,830955
2021-08-15,23,1782529
2021-08-15,23,229109
2021-08-15,23,767544
2021-08-15,23,248665
2021-08-15,23,832952
2021-08-15,23,21416
2021-08-15,23,1803742
2021-08-18,23,1036550
2021-08-18,23,623315
2021-08-29,23,712986
2021-08-29,23,991252
2021-08-30,23,2120872
2021-08-30,23,539263
2021-08-30,23,2093246
2021-08-30,23,941738
2021-08-30,23,508886
2021-08-30,23,1801679
2021-08-30,23,1820459
2021-08-30,23,354684
2021-08-30,23,766236
2021-08-30,23,2105098
2021-08-30,23,484744
2021-08-30,23,151958
2021-08-30,23,1411365
2021-08-30,23,583845
2021-08-31,23,1812439
2021-08-31,23,1544915
2021-08-31,23,2521508
2021-08-31,23,322109
2021-08-31,23,981296
2021-08-31,23,664730
2021-08-31,23,281568
2021-09-01,23,582650
2021-09-01,23,602981
2021-09-01,23,1357468
2021-09-02,23,464234
2021-09-02,23,637510
2021-09-02,23,554653
2021-09-02,23,607878
2021-09-02,23,1159086
2021-09-02,23,547108
2021-09-02,23,768678
2021-09-02,23,786375
2021-09-02,23,1410328
2021-09-02,23,246029
2021-09-02,23,1659508
2021-09-02,23,1847175
2021-09-02,23,815757
2021-09-02,23,1099464
2021-09-03,23,729422
2021-09-03,23,2004588
2021-09-03,23,525008
2021-09-03,23,1802683
2021-09-03,23,918385
2021-09-03,23,1213695
2021-09-03,23,1814628
2021-09-03,23,1570968
2021-09-05,23,393777
2021-09-05,23,1835742
2021-09-05,23,664768
2021-09-05,23,159632
2021-09-07,23,612654
2021-09-07,23,1697148
2021-09-07,23,1617114
2021-04-11,23,571724
2021-04-11,23,713111
2021-04-11,23,713379
2021-04-11,23,728537
2021-04-11,23,576674
2021-04-11,23,713267
2021-04-11,23,275398
2021-04-11,23,401119
2021-04-11,23,30946
2021-04-11,23,14157
2021-04-11,23,1948404
2021-04-12,23,371580
2021-04-13,23,105950
2021-04-16,23,971104
2021-04-16,23,710514
2021-04-16,23,1737834
2021-04-17,23,585667
2021-04-22,23,795841
2021-04-23,23,1140806
2021-06-29,51,461133
2021-06-29,51,83206
2021-06-29,51,1993949
2021-06-29,51,2085958
2021-06-29,51,1000480
2021-06-29,51,1529519
2021-06-29,51,1142091
2021-06-29,51,875086
2021-06-29,51,2084092
2021-06-29,51,1360879
2021-06-29,51,1031659
2021-06-29,51,889360
2021-06-29,51,1003303
2021-06-29,51,1023633
2021-06-29,51,311319
2021-06-29,51,1840345
2021-06-29,51,1836527
2021-06-29,51,1018424
2021-06-29,51,230229
2021-06-29,51,171823
2021-06-29,51,1362457
2021-06-29,51,917787
2021-06-29,51,1611592
2021-06-29,51,1495298
2021-06-29,51,2087457
2021-06-29,51,1108517
2021-06-29,51,2107243
2021-06-29,51,2116153
2021-06-29,51,70087
2021-06-29,51,88843
2021-06-29,51,524455
2021-06-29,51,1065920
2021-06-29,51,1271539
2021-06-29,51,870980
2021-06-29,51,1443144
2021-06-29,51,1384801
2021-06-29,51,658676
2021-06-29,51,873253
2021-06-29,51,1821705
2021-06-29,51,1840389
2021-06-29,51,816873
2021-06-29,51,1120350
2021-06-29,51,2107245
2021-06-29,51,2107242
2021-06-29,51,975888
2021-06-29,51,1711727
2021-06-29,51,12757
2021-06-29,51,2080005
2021-06-29,51,222945
2021-06-29,51,709649
2021-06-30,51,1081162
2021-06-30,51,1554264
2021-06-30,51,1560424
2021-06-30,51,1562978
2021-06-30,51,1450690
2021-06-30,51,798015
2021-06-30,51,798386
2021-06-30,51,1358252
2021-06-30,51,798226
2021-06-30,51,1395813
2021-06-30,51,244385
2021-06-30,51,6662
2021-06-30,51,1538325
2021-06-30,51,1877204
2021-06-30,51,798474
2021-06-30,51,852616
2021-06-30,51,7908
2021-06-30,51,191786
2021-06-30,51,1587874
2021-06-30,51,28809
2021-06-30,51,617898
2021-06-30,51,2010474
2021-06-30,51,1786698
2021-06-30,51,1701706
2021-06-30,51,438275
2021-06-30,51,646305
2021-06-30,51,1197125
2021-06-30,51,402284
2021-06-30,51,42248
2021-06-30,51,1772939
2021-06-30,51,1794204
2021-06-30,51,1304747
2021-06-30,51,1908534
2021-06-30,51,821590
2021-06-30,51,1600067
2021-06-30,51,1110580
2021-06-30,51,1640749
2021-06-30,51,1363481
2021-06-30,51,1483348
2021-06-30,51,1110916
2021-06-30,51,798106
2021-06-30,51,1715977
2021-06-30,51,1342897
2021-06-30,51,1809422
2021-06-30,51,371971
2021-06-30,51,1132739
2021-06-30,51,1562793
2021-06-30,51,1818413
2021-06-30,51,1554269
2021-06-30,51,356508
2021-06-30,51,1822669
2021-06-30,51,919502
2021-06-30,51,1574298
2021-06-30,51,1602814
2021-06-30,51,1468806
2021-06-30,51,1739377
2021-06-30,51,171480
2021-06-30,51,2010814
2021-06-30,51,143222
2021-06-30,51,1752587
2021-06-30,51,2095841
2021-06-30,51,1970201
2021-06-30,51,2073736
2021-06-30,51,118190
2021-06-30,51,906794
2021-06-30,51,1627022
2021-06-30,51,2015517
2021-06-30,51,1110491
2021-07-08,51,2088622
2021-07-27,51,1882049
2021-07-28,51,1925183
2021-07-28,51,1742899
2021-07-28,51,1542012
2021-07-28,51,245322
2021-07-28,51,1372995
2021-07-28,51,145484
2021-07-28,51,1697729
2021-07-28,51,1678098
2021-07-28,51,260539
2021-07-28,51,1408355
2021-07-28,51,1678002
2021-07-28,51,2121442
2021-07-28,51,868498
2021-07-28,51,1554468
2021-07-28,51,1341856
2021-07-28,51,1273399
2021-07-28,51,28843
2021-07-28,51,1318826
2021-07-28,51,1274581
2021-07-28,51,1642295
2021-07-28,51,1827041
2021-07-28,51,1645864
2021-07-28,51,1882182
2021-07-28,51,2021713
2021-07-28,51,1569594
2021-07-28,51,1626109
2021-07-28,51,202896
2021-07-28,51,1329344
2021-07-28,51,1341971
2021-07-28,51,594530
2021-07-28,51,1834805
2021-07-28,51,15686
2021-07-28,51,1333656
2021-07-28,51,1588014
2021-07-28,51,2006407
2021-07-28,51,546659
2021-07-28,51,1602745
2021-07-28,51,312023
2021-07-28,51,1033005
2021-07-28,51,1259702
2021-07-28,51,865329
2021-07-28,51,1542667
2021-07-28,51,1451224
2021-07-28,51,342960
2021-07-28,51,1105182
2021-07-28,51,937337
2021-07-28,51,268471
2021-07-28,51,1955677
2021-07-28,51,1371793
2021-07-28,51,833472
2021-07-28,51,541081
2021-07-28,51,1474507
2021-07-28,51,1045658
2021-07-28,51,754009
2021-07-28,51,1430198
2021-07-28,51,1610575
2021-07-28,51,1557119
2021-07-28,51,1909516
2021-07-28,51,16296
2021-07-30,51,1048539
2021-07-30,51,6813
2021-07-30,51,1554620
2021-07-30,51,1655265
2021-07-30,51,2082329
2021-07-30,51,1013574
2021-07-02,51,258323
2021-07-03,51,1108447
2021-07-03,51,1321859
2021-07-03,51,1334085
2021-07-03,51,983170
2021-07-03,51,1313267
2021-07-03,51,249529
2021-07-03,51,323197
2021-07-03,51,826422
2021-07-25,51,192675
2021-07-25,51,1211326
2021-07-25,51,439351
2021-07-25,51,16377
2021-07-25,51,1275163
2021-07-25,51,865303
2021-07-25,51,318615
2021-07-25,51,366549
2021-07-25,51,245740
2021-07-25,51,418272
2021-04-30,64,295709
2021-04-30,64,1467078
2021-04-30,64,1787243
2021-04-30,64,1805221
2021-04-30,64,1015823
2021-04-30,64,1103725
2021-04-30,64,1468578
2021-05-01,64,722373
2021-05-01,64,790853
2021-05-01,64,1692145
2021-05-01,64,1574095
2021-05-01,64,2001235
2021-05-01,64,1021003
2021-05-01,64,256741
2021-05-01,64,1787274
2021-05-02,64,1468627
2021-05-02,64,1460646
2021-05-02,64,119131
2021-05-02,64,1835931
2021-05-02,64,1460650
2021-05-02,64,1666436
2021-05-02,64,1995173
2021-05-02,64,1467003
2021-05-03,64,1670741
2021-05-03,64,496941
2021-05-03,64,1883659
2021-05-05,64,1657460
2021-05-05,64,1692643
2021-05-05,64,1744126
2021-05-07,64,1187261
2021-05-08,64,749771
2021-05-08,64,2001376
2021-05-08,64,779711
2021-05-09,64,468085
2021-05-09,64,14459
2021-05-09,64,1753453
2021-05-09,64,2712
2021-05-10,64,852399
2021-05-10,64,68784
2021-05-10,64,1097174
2021-05-10,64,1010302
2021-05-14,64,1649466
2021-05-15,64,1737788
2021-05-15,64,532682
2021-05-15,64,780474
2021-05-15,64,1208062
2021-05-15,64,1813605
2021-05-15,64,28618
2021-05-15,64,807172
2021-05-15,64,555375
2021-05-16,64,1582487
2021-05-16,64,372652
2021-05-16,64,1998919
2021-05-20,64,551456
2021-05-20,64,28924
2021-05-22,64,703027
2021-05-22,64,708544
2021-05-24,64,1084273
2021-05-25,64,991274
2021-05-25,64,991261
2021-05-25,64,1786005
2021-05-26,64,1610371
2021-05-27,64,957167
2021-05-27,64,965047
2021-06-02,64,271305
2021-06-03,64,745260
2021-06-03,64,1772151
2021-06-03,64,1549703
2021-06-04,64,1586795
2021-06-04,64,1590054
2021-06-04,64,934836
2021-06-07,64,1956048
2021-06-07,64,254719
2021-06-07,64,378833
2021-06-07,64,254710
2021-06-07,64,789151
2021-06-07,64,855035
2021-06-07,64,1209751
2021-06-07,64,1103830
2021-06-09,64,1268825
2021-06-09,64,1215200
2021-06-09,64,1802255
2021-06-10,64,1582422
2021-06-10,64,922929
2021-06-10,64,1212734
2021-06-10,64,2018486
2021-06-10,64,993120
2021-06-15,64,473766
2021-06-15,64,692546
2021-06-16,64,1860130
2021-06-17,64,1813965
2021-06-17,64,975908
2021-06-17,64,945996
2021-06-18,64,1682880
2021-06-20,64,15096
2021-06-20,64,17714
2021-06-29,64,1048289
2021-07-01,64,1049864
2021-07-01,64,496876
2021-07-02,64,590654
2021-07-03,64,1183072
2021-07-03,64,1153517
2021-07-03,64,1056957
2021-07-04,64,1087138
2021-07-04,64,1157894
2021-07-06,64,519858
2021-07-06,64,427102
2021-07-10,64,68787
2021-07-10,64,314489
2021-07-11,64,567515
2021-07-11,64,11704
2021-07-11,64,724173
2021-07-11,64,1541961
2021-07-11,64,1840765
2021-07-11,64,1393452
2021-07-13,64,1113885
2021-07-13,64,1083326
2021-07-14,64,728950
2021-07-14,64,317357
2021-07-14,64,1967878
2021-07-14,64,300281
2021-07-14,64,1600925
2021-07-14,64,505478
2021-07-16,64,1814669
2021-07-20,64,593924
2021-07-20,64,1172262
2021-07-25,64,1641607
2021-07-25,64,1795944
2021-07-27,64,1759606
2021-07-29,64,2876623
2021-07-29,64,1455936
2021-07-29,64,1775068
2021-07-29,64,988363
2021-07-30,64,146863
2021-07-30,64,1193363
2021-08-01,64,1890764
2021-08-01,64,1811997
2021-08-01,64,1811994
2021-08-05,64,1205893
2021-08-05,64,2104665
2021-08-07,64,1307747
2021-08-07,64,1311449
2021-08-07,64,1057207
2021-08-07,64,1542511
2021-08-07,64,989335
2021-08-07,64,2517157
2021-08-07,64,731958
2021-08-08,64,1339052
2021-08-08,64,1147792
2021-08-18,64,2002180
2021-08-18,64,1496311
2021-08-18,64,852157
2021-08-19,64,1609536
2021-08-19,64,1466525
2021-08-19,64,1942767
2021-08-19,64,1177634
2021-08-20,64,852403
2021-08-20,64,1472931
2021-08-21,64,66694
2021-08-21,64,953709
2021-08-21,64,1505342
2021-08-23,64,430836
2021-08-24,64,852182
2021-08-30,64,1509895
2021-08-30,64,2523016
2021-08-30,64,145939
2021-09-02,64,918057
2021-09-02,64,997170
2021-09-02,64,248298
2021-04-12,30,331181
2021-04-14,30,1779146
2021-04-14,30,1954237
2021-04-14,30,1937254
2021-04-14,30,990655
2021-04-14,30,97403
2021-04-14,30,60915
2021-04-14,30,250593
2021-04-14,30,1844041
2021-04-14,30,100253
2021-04-14,30,1859775
2021-04-14,30,1861436
2021-04-14,30,1990562
2021-04-14,30,1305668
2021-04-14,30,1865481
2021-04-14,30,1004959
2021-04-14,30,447263
2021-04-14,30,1003731
2021-04-14,30,7993
2021-04-14,30,322006
2021-04-14,30,863758
2021-04-14,30,25880
2021-04-14,30,637515
2021-04-14,30,1833870
2021-04-14,30,263589
2021-04-14,30,1836049
2021-04-14,30,38805
2021-04-14,30,87428
2021-04-14,30,1560163
2021-04-14,30,1001772
2021-04-14,30,1865672
2021-04-14,30,1807871
2021-04-14,30,1782563
2021-04-14,30,1367958
2021-04-14,30,1807753
2021-04-14,30,1564102
2021-04-15,30,1541709
2021-04-15,30,1865252
2021-04-15,30,1842424
2021-04-15,30,66612
2021-04-15,30,1813352
2021-04-15,30,1381178
2021-04-15,30,1865250
2021-04-15,30,1866823
2021-04-15,30,1865246
2021-04-15,30,26256
2021-04-15,30,1866825
2021-04-15,30,1869954
2021-04-15,30,89211
2021-04-15,30,1691511
2021-04-16,30,1017666
2021-04-16,30,1883966
2021-04-16,30,1999850
2021-04-16,30,1789204
2021-04-16,30,578123
2021-04-16,30,12543
2021-04-16,30,1780857
2021-04-16,30,86434
2021-04-17,30,1522409
2021-04-17,30,95781
2021-04-17,30,202322
2021-04-18,30,1837801
2021-04-19,30,1835590
2021-04-19,30,1529519
2021-04-19,30,1913700
2021-04-19,30,1863988
2021-04-19,30,1864923
2021-04-19,30,1793446
2021-04-23,30,2080340
2021-04-23,30,1322438
2021-04-23,30,2086645
2021-04-23,30,2086842
2021-04-23,30,383043
2021-04-25,30,2084088
2021-04-26,30,543777
2021-04-26,30,6316
2021-04-26,30,864094
2021-04-26,30,256304
2021-04-26,30,1825665
2021-04-26,30,1648798
2021-04-27,30,1587420
2021-04-29,30,1559568
2021-04-29,30,1650139
2021-04-29,30,32366
2021-04-29,30,1828300
2021-04-29,30,1323603
2021-04-29,30,1785998
2021-04-29,30,1578571
2021-04-29,30,1812805
2021-04-29,30,254202
2021-04-29,30,1190517
2021-04-29,30,1358899
2021-04-29,30,6864
2021-04-29,30,1828441
2021-05-01,30,1857151
2021-05-01,30,1840357
2021-05-01,30,1826738
2021-05-01,30,1840362
2021-05-02,30,1524259
2021-05-10,30,1581345
2021-05-10,30,1247997
2021-05-12,30,1801505
2021-05-12,30,1904083
2021-05-13,30,1967789
2021-05-13,30,1543105
2021-05-14,30,2080030
2021-05-14,30,435173
2021-05-14,30,1820174
2021-05-31,30,1366283
2021-06-05,30,1354664
2021-06-05,30,974365
2021-06-05,30,1381459
2021-06-05,30,99859
2021-06-05,30,1947094
2021-06-06,30,322167
2021-06-06,30,1399172
2021-06-06,30,1289761
2021-06-06,30,268708
2021-06-06,30,197675
2021-06-06,30,463045
2021-06-06,30,594092
2021-06-06,30,1077999
2021-06-06,30,112722
2021-06-06,30,412644
2021-06-06,30,593326
2021-06-06,30,1099170
2021-06-06,30,434580
2021-06-07,30,508442
2021-06-07,30,759399
2021-06-08,30,1918595
2021-06-08,30,1899790
2021-06-10,30,1538534
2021-06-10,30,2101137
2021-06-13,30,460277
2021-06-13,30,216508
2021-06-13,30,139993
2021-06-13,30,244517
2021-06-13,30,131442
2021-06-16,30,1820719
2021-06-16,30,67720
2021-06-17,30,1373
2021-06-17,30,1554216
2021-06-17,30,798324
2021-06-17,30,2111767
2021-06-17,30,1117170
2021-06-17,30,303647
2021-06-17,30,1909136
2021-06-17,30,1640399
2021-06-17,30,759461
2021-06-17,30,112136
2021-06-17,30,1788064
2021-06-17,30,1999911
2021-06-17,30,307353
2021-06-17,30,933674
2021-06-18,30,459389
2021-06-29,30,855604
2021-06-29,30,430970
2021-06-29,30,85457
2021-06-30,30,42703
2021-06-06,7,411688
2021-06-06,7,1554620
2021-06-09,7,672129
2021-06-09,7,1597762
2021-06-09,7,378136
2021-06-09,7,1568616
2021-06-09,7,734393
2021-06-09,7,1690185
2021-06-15,7,225295
2021-06-15,7,467295
2021-06-15,7,1726015
2021-06-19,7,1611003
2021-06-19,7,1187665
2021-06-19,7,1385222
2021-06-19,7,1743660
2021-06-19,7,1560274
2021-06-19,7,1385258
2021-06-25,7,7621
2021-06-25,7,954322
2021-06-25,7,1271253
2021-06-25,7,2110524
2021-06-25,7,941439
2021-06-25,7,855439
2021-06-25,7,1634877
2021-06-25,7,2087102
2021-06-25,7,1507128
2021-06-25,7,1056069
2021-06-25,7,431287
2021-06-25,7,16414
2021-06-25,7,526
2021-06-25,7,49250
2021-06-25,7,522
2021-06-25,7,1597210
2021-07-06,7,773654
2021-07-06,7,1664613
2021-07-06,7,305423
2021-07-06,7,366364
2021-07-06,7,1633204
2021-07-06,7,1610371
2021-07-06,7,839289
2021-07-06,7,1573641
2021-07-06,7,1609783
2021-07-06,7,1766842
2021-07-06,7,995271
2021-07-06,7,1138719
2021-07-06,7,1582765
2021-07-06,7,2121809
2021-07-06,7,1564513
2021-07-06,7,993176
2021-07-06,7,747414
2021-07-06,7,11984
2021-07-06,7,736010
2021-07-06,7,2001731
2021-07-06,7,2121807
2021-07-06,7,1732234
2021-07-06,7,1635666
2021-07-06,7,1762399
2021-07-06,7,1607506
2021-07-06,7,1560700
2021-07-07,7,1496134
2021-07-09,7,164555
2021-07-09,7,1120130
2021-07-09,7,265695
2021-07-09,7,247419
2021-07-09,7,278658
2021-07-12,7,549815
2021-07-12,7,1668915
2021-07-12,7,1798617
2021-07-12,7,1465621
2021-07-12,7,22481
2021-07-12,7,1632120
2021-07-12,7,1022791
2021-07-12,7,716512
2021-07-12,7,1765045
2021-07-15,7,2012096
2021-07-16,7,861021
2021-07-16,7,793279
2021-07-16,7,1834617
2021-07-16,7,360812
2021-07-16,7,799659
2021-07-16,7,644696
2021-07-17,7,897174
2021-07-17,7,1172814
2021-07-17,7,458728
2021-07-17,7,547746
2021-07-17,7,483517
2021-07-17,7,2353041
2021-07-17,7,1379375
2021-07-21,7,981459
2021-07-21,7,1565438
2021-07-21,7,1386811
2021-07-21,7,2011930
2021-07-21,7,250518
2021-07-21,7,52652
2021-07-21,7,1201867
2021-07-21,7,1224999
2021-07-21,7,1586439
2021-07-21,7,1327063
2021-07-21,7,737629
2021-07-21,7,421052
2021-07-21,7,1884932
2021-07-21,7,2011931
2021-07-21,7,502171
2021-07-21,7,974728
2021-07-21,7,974803
2021-07-21,7,1003912
2021-07-21,7,1194264
2021-07-21,7,325140
2021-07-21,7,1072289
2021-07-21,7,1090408
2021-07-21,7,312686
2021-07-21,7,2009873
2021-07-21,7,407384
2021-07-21,7,1189419
2021-07-23,7,565094
2021-07-27,7,1103315
2021-07-27,7,1199969
2021-07-27,7,2110508
2021-07-27,7,88285
2021-07-27,7,1066996
2021-07-27,7,1066964
2021-07-27,7,459997
2021-07-27,7,737796
2021-07-27,7,899888
2021-07-27,7,227761
2021-07-27,7,1140007
2021-07-27,7,1129384
2021-07-27,7,1606195
2021-08-02,7,846306
2021-08-02,7,16533
2021-08-02,7,1017216
2021-08-02,7,173045
2021-08-02,7,1111367
2021-08-19,7,322816
2021-08-19,7,1307788
2021-08-19,7,208456
2021-08-31,7,2123274
2021-09-03,7,1761295
2021-09-07,7,1025961
2021-09-07,7,1606937
2021-09-07,7,2121954
2021-09-07,7,430765
2021-09-07,7,1351922
2021-09-07,7,2013812
2021-06-01,1,1163786
2021-06-01,1,66612
2021-06-01,1,1034596
2021-06-01,1,1152760
2021-06-01,1,16168
2021-06-01,1,308565
2021-06-01,1,69236
2021-06-01,1,1192572
2021-06-01,1,662381
2021-06-01,1,332582
2021-06-01,1,371518
2021-06-01,1,1262315
2021-06-01,1,457964
2021-06-01,1,769130
2021-06-01,1,1415441
2021-06-01,1,1171543
2021-06-01,1,118252
2021-06-01,1,2015554
2021-06-03,1,1620254
2021-06-03,1,285
2021-06-03,1,2005804
2021-06-03,1,1599253
2021-06-03,1,298100
2021-06-03,1,711802
2021-06-07,1,466460
2021-06-10,1,2002584
2021-06-10,1,1806420
2021-06-10,1,1031755
2021-06-10,1,341373
2021-06-10,1,1611239
2021-07-09,1,1774354
2021-07-12,1,1554547
2021-07-12,1,797750
2021-07-12,1,1974072
2021-07-12,1,377859
2021-07-12,1,1136112
2021-07-12,1,1582384
2021-07-12,1,1712607
2021-07-12,1,300746
2021-07-12,1,589073
2021-07-12,1,1571047
2021-07-12,1,2008175
2021-07-12,1,316340
2021-07-12,1,1698323
2021-07-12,1,1460709
2021-07-12,1,1142685
2021-07-12,1,1442187
2021-07-12,1,1030502
2021-07-12,1,1935873
2021-07-12,1,236971
2021-07-12,1,1442177
2021-07-12,1,1197633
2021-07-12,1,340752
2021-07-12,1,191624
2021-07-12,1,1593377
2021-07-12,1,1844099
2021-07-12,1,1977360
2021-07-12,1,1445861
2021-07-12,1,1668976
2021-07-12,1,992150
2021-07-12,1,2116834
2021-07-12,1,1974280
2021-07-12,1,2116906
2021-07-12,1,859663
2021-07-12,1,1412911
2021-07-12,1,2116646
2021-07-12,1,1830652
2021-07-12,1,1167099
2021-07-12,1,1655153
2021-07-12,1,1859431
2021-07-12,1,244644
2021-07-12,1,87521
2021-07-12,1,243949
2021-07-12,1,750929
2021-07-12,1,381308
2021-07-12,1,386693
2021-07-12,1,1820706
2021-07-12,1,1752465
2021-07-12,1,1902383
2021-07-12,1,1755340
2021-07-12,1,1451545
2021-07-12,1,1036131
2021-07-12,1,1151164
2021-07-12,1,1962235
2021-07-12,1,826388
2021-07-12,1,1748746
2021-07-12,1,459801
2021-07-14,1,1767589
2021-07-14,1,35788
2021-07-14,1,2102416
2021-07-19,1,2105639
2021-08-24,1,1565659
2021-08-24,1,1567169
2021-08-24,1,496324
2021-08-24,1,1024471
2021-08-24,1,2102938
2021-08-24,1,1966583
2021-08-24,1,2681465
2021-08-24,1,1858264
2021-08-24,1,523280
2021-08-24,1,938525
2021-08-24,1,2025298
2021-08-24,1,1909680
2021-08-27,1,1852289
2021-08-27,1,1866094
2021-08-27,1,1863877
2021-08-27,1,1725278
2021-08-27,1,995980
2021-08-27,1,1088808
2021-08-27,1,1101472
2021-08-31,1,1421858
2021-08-31,1,2091438
2021-08-31,1,97539
2021-08-31,1,1421874
2021-08-31,1,2090242
2021-08-31,1,1829191
2021-08-31,1,1834229
2021-09-01,1,16054
2021-09-01,1,1971957
2021-09-07,1,2524364
2021-09-07,1,2524365
2021-09-07,1,182830
2021-09-07,1,1397951
2021-09-07,1,1951187
2021-09-07,1,2110818
2021-09-07,1,44541
2021-09-07,1,953481
2021-09-07,1,2099382
2021-06-21,75,790755
2021-06-21,75,977
2021-06-21,75,1317080
2021-06-21,75,1510156
2021-06-23,75,1641799
2021-06-23,75,1601193
2021-06-23,75,1365423
2021-06-23,75,1677315
2021-06-23,75,490167
2021-06-23,75,1326086
2021-07-01,75,1591878
2021-07-01,75,1537566
2021-07-01,75,1787772
2021-07-01,75,2006678
2021-07-01,75,1662969
2021-07-05,75,1107809
2021-07-30,75,1264903
2021-08-01,75,1966474
2021-08-02,75,1876248
2021-08-02,75,883659
2021-08-03,75,1598359
2021-08-15,75,1854246
2021-08-15,75,422327
2021-08-15,75,1020957
2021-08-15,75,1605730
2021-08-15,75,2015126
2021-08-15,75,1554227
2021-08-15,75,1454849
2021-08-15,75,15954
2021-08-15,75,1385324
2021-08-15,75,1618535
2021-08-15,75,1854234
2021-08-15,75,1593751
2021-08-15,75,1813627
2021-08-15,75,1576163
2021-08-15,75,1684652
2021-08-15,75,1745336
2021-08-15,75,1568861
2021-08-15,75,324421
2021-08-15,75,1811984
2021-08-15,75,2024011
2021-08-15,75,1853495
2021-08-15,75,1871551
2021-08-15,75,1034229
2021-08-15,75,1430436
2021-08-15,75,1742909
2021-08-15,75,426355
2021-08-15,75,1662596
2021-08-15,75,1605605
2021-08-15,75,1554059
2021-08-15,75,1860457
2021-08-15,75,906253
2021-08-15,75,118190
2021-08-15,75,1034316
2021-08-15,75,119020
2021-08-15,75,1854154
2021-08-15,75,1310876
2021-08-15,75,18084
2021-08-15,75,1132501
2021-08-15,75,1956870
2021-08-15,75,11421
2021-08-15,75,1595990
2021-08-15,75,1929529
2021-08-15,75,321239
2021-08-15,75,1819631
2021-08-15,75,503175
2021-08-15,75,1593273
2021-08-15,75,122802
2021-08-15,75,1854081
2021-08-15,75,1275678
2021-08-15,75,1034635
2021-08-15,75,2118171
2021-08-15,75,1828770
2021-08-15,75,1598776
2021-08-15,75,892592
2021-08-15,75,1821281
2021-08-15,75,368487
2021-08-15,75,119144
2021-08-15,75,550766
2021-08-15,75,1733625
2021-08-15,75,1747536
2021-08-15,75,1767968
2021-08-15,75,857910
2021-08-15,75,2015134
2021-08-15,75,118788
2021-08-15,75,2001117
2021-08-15,75,1868203
2021-08-15,75,1331930
2021-08-15,75,1568815
2021-08-15,75,1769854
2021-08-15,75,1928622
2021-08-15,75,23274
2021-08-15,75,1272303
2021-08-15,75,1747607
2021-08-15,75,1918979
2021-08-15,75,321316
2021-08-15,75,2110773
2021-08-15,75,1563588
2021-08-15,75,1559712
2021-08-15,75,904249
2021-08-16,75,997483
2021-08-16,75,1324495
2021-08-16,75,1407311
2021-08-16,75,775113
2021-08-16,75,1366429
2021-08-16,75,1837527
2021-08-16,75,1993285
2021-08-16,75,1218942
2021-08-16,75,2110956
2021-08-16,75,326509
2021-08-16,75,1576440
2021-08-16,75,1172449
2021-08-16,75,1823981
2021-08-16,75,2017307
2021-08-16,75,937419
2021-08-16,75,1838879
2021-08-16,75,805731
2021-08-16,75,1871560
2021-08-16,75,1947287
2021-08-16,75,684163
2021-08-16,75,851743
2021-08-16,75,640345
2021-08-16,75,1999464
2021-08-16,75,1831391
2021-08-16,75,1092290
2021-08-30,75,51909
2021-04-14,90,2005691
2021-05-17,90,1716564
2021-05-21,90,1589086
2021-05-21,90,247886
2021-05-21,90,1740468
2021-05-21,90,866763
2021-05-21,90,248827
2021-05-23,90,1971957
2021-05-27,90,247302
2021-05-27,90,23664
2021-05-27,90,1659415
2021-05-27,90,1196114
2021-05-27,90,1646557
2021-05-27,90,1592041
2021-05-27,90,1554221
2021-05-27,90,1195607
2021-05-27,90,1659305
2021-05-27,90,713819
2021-05-31,90,1608362
2021-05-31,90,1819045
2021-05-31,90,839200
2021-06-01,90,1554373
2021-06-09,90,1198218
2021-06-22,90,1004498
2021-06-22,90,1946056
2021-06-22,90,905802
2021-06-22,90,558412
2021-06-22,90,1346524
2021-06-22,90,430621
2021-06-22,90,348977
2021-06-22,90,342179
2021-06-22,90,1841446
2021-06-22,90,865156
2021-06-23,90,979415
2021-06-23,90,1063174
2021-06-25,90,869918
2021-06-25,90,2082430
2021-06-25,90,1476826
2021-06-25,90,300181
2021-06-25,90,1812383
2021-06-25,90,1545269
2021-06-25,90,551812
2021-06-25,90,66431
2021-06-26,90,2008996
2021-06-26,90,1575650
2021-06-26,90,1568757
2021-06-27,90,1703837
2021-07-11,90,2010029
2021-07-11,90,248826
2021-07-11,90,276726
2021-07-11,90,1486456
2021-08-04,90,814628
2021-08-06,90,398700
2021-08-06,90,1445734
2021-08-06,90,1289761
2021-08-06,90,1681851
2021-08-06,90,1445776
2021-08-06,90,2109181
2021-08-06,90,2099339
2021-08-09,90,1039047
2021-08-16,90,1820735
2021-08-16,90,1250108
2021-08-16,90,1009972
2021-08-17,90,1578626
2021-08-19,90,1855304
2021-08-19,90,67559
2021-08-19,90,3051
2021-08-19,90,243733
2021-08-19,90,1608589
2021-08-19,90,69171
2021-08-19,90,64853
2021-08-19,90,572824
2021-08-19,90,435196
2021-08-19,90,262073
2021-08-19,90,1501112
2021-08-19,90,378937
2021-08-25,90,1554620
2021-08-25,90,1015398
2021-08-25,90,27608
2021-08-25,90,1324075
2021-08-25,90,10510
2021-08-25,90,1977332
2021-08-25,90,2522506
2021-08-25,90,1937815
2021-08-25,90,1789326
2021-08-25,90,1586447
2021-08-25,90,1554735
2021-08-25,90,1862792
2021-08-25,90,839115
2021-08-25,90,65395
2021-08-26,90,2522581
2021-08-26,90,1870155
2021-08-26,90,95515
2021-08-26,90,1542266
2021-08-26,90,2875902
2021-08-26,90,314374
2021-08-26,90,1554733
2021-08-26,90,512987
2021-08-26,90,2517277
2021-08-26,90,2498193
2021-08-26,90,1186143
2021-08-31,90,57839
2021-08-31,90,1506792
2021-09-02,90,631597
2021-05-16,90,1554633
2021-05-16,90,1610571
2021-05-17,90,1581345
2021-05-23,90,983123
2021-05-23,90,246163
2021-05-31,90,1278
2021-06-22,90,522812
2021-06-22,90,1006121
2021-06-22,90,1230350
2021-06-25,90,75918
2021-07-11,90,1304364
2021-08-01,90,260359
2021-08-01,90,1006744
2021-08-01,90,1235165
2021-07-09,78,1432439
2021-07-09,78,2383770
2021-07-09,78,936000
2021-07-09,78,2020077
2021-07-09,78,742769
2021-07-09,78,1703780
2021-07-09,78,322249
2021-07-09,78,2116085
2021-07-09,78,1570291
2021-07-09,78,936008
2021-07-09,78,1647879
2021-07-09,78,214223
2021-07-09,78,1275270
2021-07-09,78,263282
2021-07-09,78,2519747
2021-07-09,78,1739925
2021-07-09,78,1616877
2021-07-09,78,230234
2021-07-09,78,250242
2021-07-09,78,557624
2021-07-09,78,1861454
2021-07-09,78,1594664
2021-07-09,78,853785
2021-07-09,78,530273
2021-07-09,78,2423096
2021-07-09,78,2368796
2021-07-09,78,274363
2021-07-09,78,390141
2021-07-09,78,1063520
2021-07-09,78,362232
2021-07-09,78,859500
2021-07-09,78,985190
2021-07-09,78,254160
2021-07-09,78,885872
2021-07-09,78,448327
2021-07-09,78,752949
2021-07-09,78,1132480
2021-07-09,78,1393534
2021-07-09,78,321407
2021-07-09,78,405258
2021-07-09,78,964287
2021-07-09,78,625463
2021-07-09,78,96231
2021-07-09,78,1835270
2021-08-12,78,6060
2021-08-12,78,1545307
2021-08-12,78,2872237
2021-08-12,78,1303325
2021-08-12,78,573364
2021-08-12,78,1732300
2021-08-12,78,900962
2021-08-12,78,1677931
2021-08-12,78,1305953
2021-08-12,78,394293
2021-08-12,78,40560
2021-08-12,78,8273
2021-08-12,78,1199186
2021-08-12,78,152992
2021-08-12,78,1568757
2021-08-12,78,208449
2021-08-12,78,1273022
2021-08-12,78,828641
2021-08-12,78,1065118
2021-08-12,78,383315
2021-08-12,78,1689994
2021-08-12,78,399940
2021-08-12,78,386202
2021-08-12,78,407956
2021-08-12,78,776607
2021-08-12,78,388415
2021-08-12,78,1815273
2021-08-12,78,389064
2021-08-12,78,209992
2021-08-13,78,1739078
2021-08-13,78,608359
2021-08-13,78,406821
2021-08-13,78,1606937
2021-08-13,78,1306276
2021-08-13,78,1967707
2021-08-13,78,911408
2021-08-13,78,80853
2021-08-13,78,2010725
2021-08-13,78,150244
2021-08-13,78,1814478
2021-08-13,78,741868
2021-08-13,78,481621
2021-08-13,78,315044
2021-08-13,78,1692671
2021-08-13,78,602412
2021-08-13,78,3512
2021-08-13,78,213361
2021-08-13,78,461925
2021-08-13,78,1977386
2021-08-13,78,1742478
2021-08-13,78,640625
2021-08-13,78,1544701
2021-08-13,78,38383
2021-08-13,78,549558
2021-08-13,78,1563240
2021-08-13,78,2005485
2021-08-13,78,10190
2021-08-13,78,872048
2021-08-13,78,306025
2021-08-13,78,322117
2021-08-13,78,1655884
2021-08-13,78,1154435
2021-04-24,20,229193
2021-04-26,20,66670
2021-04-26,20,877394
2021-04-26,20,1233227
2021-04-26,20,1554468
2021-04-27,20,1313555
2021-04-27,20,1363058
2021-04-27,20,296661
2021-04-30,20,1824716
2021-04-30,20,1897178
2021-04-30,20,1493796
2021-04-30,20,1902643
2021-04-30,20,2080340
2021-04-30,20,1863591
2021-04-30,20,125132
2021-04-30,20,1562544
2021-05-15,20,329095
2021-05-20,20,71260
2021-05-20,20,1834493
2021-05-20,20,322140
2021-05-20,20,357094
2021-05-20,20,1229708
2021-05-25,20,1999911
2021-05-25,20,2005673
2021-05-25,20,1773311
2021-05-25,20,883663
2021-06-08,20,954465
2021-06-08,20,245521
2021-06-08,20,418272
2021-06-08,20,1419596
2021-06-08,20,1540528
2021-06-08,20,91865
2021-06-08,20,872833
2021-06-08,20,245740
2021-06-08,20,876473
2021-06-08,20,29428
2021-06-18,20,520528
2021-06-18,20,1224241
2021-06-18,20,1196278
2021-06-18,20,353772
2021-06-18,20,673223
2021-06-18,20,871516
2021-06-18,20,385764
2021-06-18,20,1341889
2021-06-18,20,1798385
2021-06-18,20,1060480
2021-06-18,20,137586
2021-06-18,20,160085
2021-06-18,20,1983451
2021-06-30,20,1578571
2021-06-30,20,1812326
2021-07-07,20,436211
2021-07-07,20,307843
2021-07-07,20,852714
2021-07-07,20,903406
2021-07-07,20,354407
2021-07-07,20,32148
2021-07-08,20,1822271
2021-07-08,20,2019910
2021-07-08,20,1012628
2021-07-17,20,358760
2021-07-17,20,616540
2021-07-17,20,767204
2021-07-17,20,46307
2021-07-17,20,1200465
2021-07-17,20,828111
2021-08-02,20,1141906
2021-08-02,20,1597333
2021-08-02,20,775040
2021-08-02,20,1212613
2021-08-02,20,455405
2021-08-03,20,626054
2021-08-03,20,453807
2021-08-03,20,1785608
2021-08-03,20,1115837
2021-08-13,20,666436
2021-08-13,20,2080030
2021-08-13,20,2101137
2021-08-13,20,343152
2021-08-13,20,9326
2021-08-13,20,720565
2021-08-13,20,1541606
2021-08-13,20,434740
2021-08-13,20,2090503
2021-08-13,20,1807871
2021-08-13,20,833472
2021-08-20,20,1322854
2021-08-20,20,1432113
2021-08-20,20,2086645
2021-08-20,20,18876
2021-08-20,20,1345933
2021-08-20,20,343743
2021-08-20,20,974861
2021-08-20,20,1480663
2021-08-20,20,1825665
2021-08-20,20,1050457
2021-08-20,20,1042923
2021-08-20,20,2089969
2021-08-20,20,1629036
2021-07-14,80,1876934
2021-07-14,80,2015399
2021-07-14,80,1863887
2021-07-14,80,1808827
2021-07-14,80,2015513
2021-07-15,80,2017592
2021-07-15,80,1541998
2021-07-15,80,2010008
2021-07-15,80,1605252
2021-07-15,80,487733
2021-07-15,80,1364010
2021-07-15,80,614269
2021-07-15,80,2307300
2021-07-15,80,2009048
2021-07-15,80,977464
2021-08-11,80,1673991
2021-08-11,80,758314
2021-08-11,80,965897
2021-08-11,80,591669
2021-08-11,80,2120946
2021-08-11,80,1766444
2021-08-11,80,1999642
2021-08-11,80,1848963
2021-08-11,80,2088036
2021-08-11,80,2003555
2021-08-11,80,2123248
2021-08-11,80,1306704
2021-08-11,80,1773038
2021-08-11,80,1865231
2021-08-11,80,1876856
2021-08-11,80,1929019
2021-08-11,80,2026036
2021-08-11,80,1943983
2021-08-11,80,1930141
2021-08-11,80,1923701
2021-08-11,80,2121336
2021-08-11,80,1577045
2021-08-11,80,1346163
2021-08-11,80,2123043
2021-08-11,80,1660473
2021-08-11,80,2115202
2021-08-11,80,1926673
2021-08-11,80,2393952
2021-08-11,80,2116349
2021-08-11,80,1258725
2021-08-11,80,2015333
2021-08-11,80,12756
2021-08-11,80,1865235
2021-08-11,80,1275108
2021-08-11,80,2108128
2021-08-11,80,2118049
2021-08-11,80,12664
2021-08-11,80,1366923
2021-08-11,80,1914743
2021-08-19,80,1974993
2021-08-19,80,1962429
2021-08-19,80,611194
2021-08-19,80,1186736
2021-08-19,80,2093522
2021-08-19,80,2510024
2021-08-19,80,1670628
2021-08-19,80,1876927
2021-08-25,80,1733787
2021-08-25,80,1992794
2021-08-25,80,1670413
2021-08-25,80,1881987
2021-08-25,80,1632740
2021-08-25,80,2110887
2021-08-25,80,366031
2021-08-25,80,1919082
2021-08-25,80,505945
2021-08-25,80,2876472
2021-08-25,80,435557
2021-08-25,80,1936081
2021-08-25,80,1365302
2021-08-25,80,422793
2021-08-25,80,1662662
2021-08-25,80,118678
2021-08-25,80,1597869
2021-08-25,80,1594664
2021-04-15,16,1090368
2021-04-15,16,197775
2021-04-15,16,993627
2021-04-15,16,1966306
2021-04-15,16,1158825
2021-04-15,16,219543
2021-04-15,16,856178
2021-04-15,16,1033177
2021-04-15,16,1158735
2021-04-15,16,970977
2021-04-15,16,1685747
2021-04-15,16,263026
2021-04-15,16,1922312
2021-04-15,16,985386
2021-04-15,16,1222120
2021-04-15,16,1335571
2021-04-15,16,32223
2021-04-15,16,1594174
2021-04-15,16,1089497
2021-04-15,16,1700526
2021-04-15,16,258824
2021-04-15,16,1666201
2021-04-15,16,1901364
2021-04-15,16,1653778
2021-04-15,16,478152
2021-04-15,16,908980
2021-04-15,16,182939
2021-04-15,16,509884
2021-04-15,16,537525
2021-04-15,16,1917675
2021-04-15,16,269742
2021-04-15,16,1770054
2021-04-15,16,1942323
2021-04-15,16,1183713
2021-04-15,16,1090290
2021-04-15,16,509863
2021-04-15,16,1619413
2021-04-15,16,175752
2021-04-15,16,490312
2021-04-15,16,1554616
2021-04-15,16,853714
2021-04-15,16,102790
2021-04-15,16,949604
2021-04-15,16,1820665
2021-04-15,16,1554613
2021-04-15,16,1081764
2021-04-15,16,530314
2021-04-15,16,2024605
2021-05-18,16,375737
2021-05-31,16,851878
2021-06-01,16,1334977
2021-06-01,16,1732387
2021-06-18,16,94044
2021-06-18,16,1904477
2021-06-18,16,1696681
2021-06-18,16,2073507
2021-06-18,16,1069118
2021-07-15,16,1356662
2021-07-15,16,977274
2021-07-15,16,1587937
2021-07-15,16,321726
2021-07-18,16,1810962
2021-07-18,16,1060183
2021-07-18,16,1104823
2021-07-18,16,1480256
2021-07-18,16,2107261
2021-07-18,16,1436875
2021-07-18,16,2022139
2021-07-18,16,1653401
2021-07-18,16,1971372
2021-07-18,16,2500576
2021-07-18,16,1466343
2021-07-18,16,2107512
2021-07-18,16,1739387
2021-07-20,16,1578813
2021-07-20,16,1496933
2021-07-29,16,2008647
2021-04-15,16,866766
2021-04-15,16,1929632
2021-04-15,16,866886
2021-01-12,21,367005
2021-02-03,21,130746
2021-02-03,21,1887821
2021-02-17,21,1727409
2021-02-17,21,20303
2021-02-26,21,1647229
2021-03-03,21,32883
2021-03-04,21,519341
2021-03-15,21,998009
2021-03-16,21,664425
2021-03-16,21,275583
2021-03-18,21,1605055
2021-03-18,21,1512269
2021-03-18,21,1040103
2021-03-20,21,354781
2021-03-22,21,359169
2021-03-23,21,1565020
2021-03-23,21,1758200
2021-03-23,21,853240
2021-03-24,21,187396
2021-03-24,21,901805
2021-03-24,21,648104
2021-03-25,21,154338
2021-03-26,21,360523
2021-03-26,21,334089
2021-03-29,21,539884
2021-03-29,21,16324
2021-03-29,21,246769
2021-03-29,21,568386
2021-03-30,21,738374
2021-03-30,21,5067
2021-03-30,21,216235
2021-03-30,21,1307345
2021-03-30,21,336125
2021-03-30,21,1281172
2021-03-31,21,45459
2021-04-01,21,256714
2021-04-01,21,1879043
2021-04-01,21,45599
2021-04-01,21,336128
2021-04-01,21,45496
2021-04-05,21,931648
2021-04-05,21,1196868
2021-04-05,21,1800154
2021-04-06,21,1886003
2021-04-06,21,1201975
2021-04-06,21,1133642
2021-04-06,21,518254
2021-04-07,21,237620
2021-04-07,21,218333
2021-04-07,21,1247997
2021-04-08,21,397764
2021-04-08,21,218357
2021-04-09,21,539773
2021-04-09,21,1760770
2021-04-12,21,1079591
2021-04-13,21,1802516
2021-04-13,21,1647049
2021-04-13,21,373959
2021-04-14,21,452197
2021-04-14,21,1575295
2021-04-19,21,1975347
2021-05-18,21,1647558
2021-05-18,21,209272
2021-05-18,21,1977958
2021-05-19,21,1561725
2021-05-21,21,886657
2021-05-24,21,1771662
2021-05-25,21,940843
2021-05-25,21,802176
2021-05-25,21,1577959
2021-05-25,21,462566
2021-05-26,21,1313164
2021-05-26,21,1374413
2021-05-26,21,296593
2021-05-27,21,1087258
2021-05-28,21,737095
2021-05-29,21,325899
2021-05-31,21,1873755
2021-06-01,21,1174534
2021-05-19,5,77275
2021-05-19,5,1854823
2021-05-19,5,1794029
2021-05-19,5,1657390
2021-05-19,5,1905644
2021-05-19,5,2012242
2021-05-19,5,1791728
2021-05-19,5,12543
2021-05-19,5,1954188
2021-05-19,5,1823420
2021-05-19,5,1322671
2021-05-19,5,585604
2021-05-19,5,1250869
2021-05-19,5,1764705
2021-05-19,5,2018432
2021-05-19,5,1148159
2021-05-19,5,1673041
2021-05-19,5,29650
2021-05-19,5,1731560
2021-05-19,5,428900
2021-05-19,5,1824757
2021-05-19,5,1610575
2021-05-19,5,326308
2021-05-19,5,2015275
2021-05-19,5,67396
2021-05-19,5,1301263
2021-05-20,5,1266559
2021-05-20,5,1266594
2021-05-22,5,1047232
2021-05-22,5,839872
2021-05-22,5,1924027
2021-05-22,5,244385
2021-05-22,5,576681
2021-05-22,5,1740295
2021-05-22,5,1837330
2021-05-22,5,1049380
2021-05-22,5,1814545
2021-05-22,5,1916932
2021-05-22,5,877301
2021-05-22,5,1651893
2021-05-22,5,1043276
2021-05-22,5,1554327
2021-05-22,5,1690608
2021-05-22,5,1788321
2021-05-22,5,1714821
2021-05-22,5,1443118
2021-05-22,5,6813
2021-05-22,5,975529
2021-05-22,5,1341935
2021-05-22,5,1760681
2021-05-22,5,1087957
2021-05-22,5,748826
2021-05-22,5,903874
2021-05-22,5,1831136
2021-05-22,5,865931
2021-05-22,5,1785910
2021-05-22,5,1344536
2021-05-28,5,998311
2021-05-28,5,187201
2021-05-30,5,2000251
2021-07-07,5,1067334
2021-07-07,5,1469233
2021-07-10,5,1512269
2021-05-17,5,412072
2021-05-17,5,1838299
2021-05-17,5,1866745
2021-05-17,5,1137535
2021-05-17,5,1065886
2021-05-17,5,1582607
2021-05-18,5,1132823
2021-05-18,5,22755
2021-05-18,5,22757
2021-05-18,5,262666
2021-05-18,5,115418
2021-05-18,5,11698
2021-05-18,5,270142
2021-05-22,5,65408
2021-05-22,5,1084303
2021-05-22,5,839628
2021-06-19,18,1465435
2021-06-19,18,1643056
2021-06-24,18,6343
2021-06-24,18,1865835
2021-06-24,18,1147324
2021-06-24,18,1691668
2021-06-24,18,1964629
2021-06-24,18,709068
2021-06-24,18,1882559
2021-06-24,18,1612048
2021-06-24,18,146
2021-06-24,18,416880
2021-06-24,18,1069906
2021-06-24,18,1626627
2021-06-24,18,1079315
2021-06-24,18,1133983
2021-06-24,18,2010283
2021-06-24,18,848482
2021-06-24,18,1821739
2021-06-24,18,1977298
2021-06-24,18,464804
2021-06-24,18,1882616
2021-06-24,18,1643923
2021-06-24,18,2006876
2021-06-24,18,1653610
2021-06-24,18,2085914
2021-06-24,18,1973371
2021-06-24,18,789288
2021-06-24,18,1583076
2021-06-24,18,142218
2021-06-24,18,1922056
2021-06-24,18,1256885
2021-06-24,18,1737634
2021-06-24,18,2014800
2021-06-24,18,1985141
2021-06-24,18,317992
2021-06-24,18,1038529
2021-06-24,18,1655251
2021-06-24,18,1886680
2021-06-24,18,610203
2021-06-24,18,1613906
2021-06-24,18,379645
2021-06-24,18,1397562
2021-06-24,18,971882
2021-06-24,18,1590284
2021-06-24,18,1297522
2021-06-24,18,2015080
2021-06-24,18,379865
2021-06-25,18,1202678
2021-07-07,18,1964249
2021-07-09,18,2025687
2021-07-30,18,861974
2021-07-31,18,2499677
2021-08-04,18,2000234
2021-08-07,18,1693334
2021-08-07,18,1831144
2021-08-07,18,1757836
2021-08-09,18,1993342
2021-08-09,18,1259509
2021-08-09,18,1605047
2021-08-09,18,2114370
2021-08-09,18,1692565
2021-08-09,18,421703
2021-08-09,18,27303
2021-08-09,18,1711522
2021-08-09,18,2006989
2021-08-09,18,1586104
2021-08-09,18,1633068
2021-08-09,18,2001665
2021-08-09,18,301026
2021-08-09,18,2104734
2021-08-09,18,1743610
2021-08-09,18,857727
2021-08-10,18,1061984
2021-08-13,18,323715
2021-08-13,18,330747
2021-08-13,18,1596043
2021-08-13,18,2093451
2021-09-03,18,1445326
2021-07-21,6,2098909
2021-07-21,6,2121645
2021-07-21,6,900154
2021-07-21,6,1971898
2021-07-21,6,322278
2021-07-21,6,1568815
2021-07-21,6,2519390
2021-07-21,6,365540
2021-07-21,6,2116089
2021-07-21,6,1593339
2021-07-21,6,2325078
2021-07-21,6,1605590
2021-07-29,6,1749101
2021-07-29,6,2334976
2021-07-29,6,137160
2021-07-29,6,2006552
2021-07-29,6,2260630
2021-07-29,6,917062
2021-07-29,6,996643
2021-07-29,6,946353
2021-07-29,6,1065103
2021-07-29,6,2499662
2021-07-29,6,1035074
2021-07-29,6,1570690
2021-07-29,6,258747
2021-07-29,6,1436362
2021-07-29,6,637881
2021-07-29,6,998959
2021-08-18,6,2873820
2021-08-18,6,281739
2021-08-18,6,1296418
2021-08-18,6,1598776
2021-08-18,6,17080
2021-08-22,6,1172121
2021-08-22,6,505951
2021-08-22,6,196585
2021-08-23,6,2881693
2021-08-23,6,1188320
2021-08-23,6,1202526
2021-08-23,6,2104056
2021-08-23,6,118635
2021-08-23,6,2012199
2021-08-23,6,27341
2021-08-23,6,13044
2021-08-23,6,233664
2021-08-23,6,174048
2021-08-23,6,172722
2021-08-23,6,20354
2021-08-23,6,1811945
2021-08-23,6,1056813
2021-08-23,6,2520928
2021-08-25,6,1605386
2021-06-06,6,894697
2021-06-06,6,1558640
2021-06-06,6,964146
2021-06-06,6,1033146
2021-07-21,6,571605
2021-07-21,6,2509520
2021-07-21,6,1348281
2021-07-21,6,344187
2021-07-21,6,217366
2021-07-21,6,361533
2021-07-21,6,2085237
2021-07-21,6,1067693
2021-07-21,6,1813287
2021-07-21,6,672642
2021-07-21,6,253034
2021-07-21,6,1031959
2021-07-21,6,1849212
2021-07-21,6,314830
2021-07-27,6,258254
2021-07-27,6,1505316
2021-07-27,6,815071
2021-07-21,2,1652011
2021-07-21,2,12556
2021-07-21,2,352956
2021-07-21,2,871755
2021-07-22,2,6135
2021-07-22,2,6128
2021-07-22,2,1650986
2021-07-22,2,871094
2021-07-22,2,274367
2021-07-22,2,2107090
2021-07-22,2,2111674
2021-07-22,2,1818996
2021-07-22,2,1421694
2021-07-24,2,2088604
2021-07-24,2,2119021
2021-07-30,2,1721723
2021-07-30,2,265283
2021-07-30,2,2522473
2021-07-30,2,1847411
2021-07-30,2,1801641
2021-07-30,2,42235
2021-07-30,2,1853920
2021-07-30,2,265277
2021-07-30,2,1962235
2021-07-31,2,2111686
2021-07-31,2,1594174
2021-07-31,2,2510920
2021-08-05,2,2113053
2021-08-05,2,1957742
2021-08-05,2,1648003
2021-08-05,2,2522594
2021-08-05,2,2111270
2021-08-05,2,1565662
2021-08-05,2,1554637
2021-08-05,2,1863356
2021-08-05,2,1554638
2021-08-05,2,1055787
2021-08-05,2,1863382
2021-08-05,2,1554631
2021-08-05,2,1554632
2021-08-05,2,2005551
2021-08-06,2,1210981
2021-08-06,2,1569973
2021-08-07,2,2109774
2021-08-07,2,735129
2021-08-07,2,1323524
2021-08-22,2,1600025
2021-08-22,2,266291
2021-08-22,2,2111224
2021-08-22,2,1595834
2021-08-22,2,1653518
2021-08-22,2,12651
2021-08-22,2,1429919
2021-08-23,2,2005595
2021-08-24,2,1954135
2021-08-24,2,2097031
2021-08-24,2,1238
2021-08-24,2,1224064
2021-08-24,2,1610570
2021-08-27,2,2496123
2021-08-27,2,1652350
2021-08-27,2,1653149
2021-08-27,2,267615
2021-08-27,2,2024605
2021-08-27,2,1001703
2021-08-27,2,961371
2021-08-28,2,1588519
2021-08-28,2,1652993
2021-01-15,14,155520
2021-01-29,14,807500
2021-02-11,14,324729
2021-03-12,14,340292
2021-03-12,14,1512269
2021-03-12,14,340077
2021-03-12,14,339370
2021-03-12,14,340360
2021-03-12,14,1800154
2021-03-12,14,1911611
2021-03-12,14,340099
2021-03-12,14,1247997
2021-03-12,14,1657390
2021-03-12,14,339611
2021-03-12,14,339251
2021-02-10,14,44127
2021-02-12,14,900175
2021-02-15,14,6373
2021-02-15,14,418360
2021-02-15,14,86008
2021-02-16,14,25110
2021-02-20,14,912238
2021-02-20,14,866924
2021-02-20,14,35537
2021-02-26,14,427394
2021-02-26,14,187166
2021-03-01,14,146870
2021-03-01,14,38940
2021-03-01,14,63955
2021-03-01,14,324421
2021-03-02,14,753181
2021-03-02,14,60810
2021-03-02,14,210398
2021-03-02,14,55796
2021-03-02,14,133116
2021-03-02,14,130785
2021-03-02,14,159054
2021-03-02,14,33032
2021-03-02,14,830606
2021-03-02,14,36897
2021-03-03,14,1014051
2021-03-04,14,12977
2021-03-05,14,1031828
2021-03-05,14,86311
2021-03-05,14,23393
2021-03-09,14,669901
2021-03-09,14,1792017
2021-03-10,14,33957
2021-03-10,14,11233
2021-03-10,14,37922
2021-03-11,14,909043
2021-03-11,14,1554049
2021-03-12,14,109863
2021-03-12,14,64781
2021-03-15,14,353222
2021-03-15,14,1552
2021-03-17,14,61838
2021-03-18,14,1580373
2021-03-23,14,221103
2021-03-23,14,5697
2021-03-23,14,609154
2021-03-24,14,594868
2021-03-26,14,1733937
2021-03-30,14,881204
2021-03-30,14,1866639
2021-03-30,14,5098
2021-03-30,14,738374
2021-06-30,17,2024671
2021-06-30,17,1921479
2021-08-02,17,1658242
2021-08-02,17,753572
2021-08-02,17,324434
2021-08-02,17,857731
2021-08-02,17,2105322
2021-08-02,17,1584071
2021-08-02,17,1563433
2021-08-02,17,1966400
2021-08-02,17,166953
2021-08-02,17,1428356
2021-08-02,17,272294
2021-08-02,17,1196114
2021-08-02,17,641401
2021-08-02,17,652230
2021-08-02,17,271127
2021-08-02,17,208601
2021-08-02,17,287912
2021-08-24,17,1863048
2021-08-24,17,1848226
2021-08-24,17,1620832
2021-08-24,17,2019508
2021-06-15,17,1006074
2021-06-15,17,371971
2021-06-15,17,1824253
2021-06-15,17,1824371
2021-06-16,17,1354664
2021-06-17,17,2086834
2021-06-18,17,178638
2021-06-18,17,1426556
2021-06-18,17,315667
2021-06-18,17,1068973
2021-06-18,17,1915812
2021-06-19,17,1365774
2021-06-28,17,1662107
2021-06-28,17,1921962
2021-06-28,17,1768973
2021-06-29,17,1844103
2021-06-29,17,1601977
2021-06-29,17,488713
2021-06-29,17,1783619
2021-06-29,17,1819189
2021-06-29,17,1653811
2021-07-07,17,343153
2021-07-07,17,1802634
2021-07-08,17,1899904
2021-07-08,17,569574
2021-07-08,17,27520
2021-07-08,17,1198218
2021-07-14,17,449599
2021-07-14,17,1242354
2021-07-23,17,803543
2021-07-23,17,2118092
2021-07-23,17,208011
2021-07-23,17,1752863
2021-07-23,17,2118097
2021-07-23,17,1991925
2021-07-23,17,1081090
2021-07-23,17,261953
2021-07-23,17,287909
2021-07-26,17,571342
2021-07-30,17,67471
2021-07-30,17,303404
2021-07-30,17,1393447
2021-07-30,17,1599116
2021-08-01,17,1095890
2021-07-22,33,322367
2021-07-22,33,63129
2021-07-22,33,907047
2021-07-22,33,773612
2021-07-22,33,1578610
2021-07-30,33,1646501
2021-07-30,33,1622528
2021-07-30,33,2005778
2021-08-02,33,505508
2021-08-02,33,1941124
2021-08-02,33,811180
2021-08-02,33,20983
2021-08-04,33,797750
2021-08-04,33,1197633
2021-08-04,33,139187
2021-08-04,33,595695
2021-08-04,33,1867624
2021-08-06,33,2112932
2021-08-06,33,2010015
2021-08-06,33,1087851
2021-08-06,33,1264552
2021-08-06,33,1880809
2021-08-06,33,1241175
2021-08-06,33,1271445
2021-08-06,33,2088622
2021-08-06,33,1271448
2021-08-06,33,2001367
2021-08-06,33,2106971
2021-08-06,33,2026550
2021-08-06,33,1990693
2021-08-06,33,1117157
2021-08-06,33,1606115
2021-08-06,33,1326606
2021-08-06,33,2511979
2021-08-06,33,326396
2021-08-06,33,20545
2021-08-06,33,1245880
2021-08-06,33,1263469
2021-08-06,33,615485
2021-08-06,33,1681798
2021-08-06,33,1363116
2021-08-06,33,2108263
2021-08-06,33,2090503
2021-08-06,33,85072
2021-08-06,33,2224
2021-08-06,33,1822308
2021-08-06,33,1509847
2021-08-06,33,1365036
2021-08-06,33,702257
2021-08-06,33,1564513
2021-08-06,33,30949
2021-08-06,33,1581708
2021-08-06,33,1728780
2021-08-11,33,112276
2021-08-11,33,922929
2021-08-11,33,1793903
2021-08-11,33,2018486
2021-08-11,33,392276
2021-08-11,33,1917745
2021-08-12,33,1155127
2021-08-28,33,1602011
2021-08-28,33,838746
2021-01-19,103,155520
2021-01-22,103,807500
2021-02-12,103,1951720
2021-02-15,103,379852
2021-02-16,103,187962
2021-02-16,103,1911611
2021-02-16,103,1565020
2021-02-16,103,972930
2021-02-16,103,970387
2021-02-25,103,362582
2021-02-25,103,221103
2021-02-25,103,790
2021-02-25,103,638827
2021-02-25,103,580684
2021-02-25,103,1908816
2021-02-26,103,1919114
2021-02-26,103,1614166
2021-02-26,103,286920
2021-02-26,103,1730683
2021-02-26,103,1298839
2021-02-26,103,1760486
2021-03-01,103,665969
2021-03-18,103,1956464
2021-03-30,103,1512269
2021-03-30,103,45502
2021-04-02,103,367393
2021-01-15,103,104033
2021-01-22,103,230559
2021-01-22,103,1021428
2021-02-12,103,37922
2021-02-12,103,900175
2021-02-12,103,25110
2021-02-12,103,108686
2021-02-15,103,27343
2021-02-15,103,1554049
2021-02-15,103,6373
2021-02-15,103,981922
2021-02-16,103,715973
2021-02-17,103,104626
2021-02-17,103,276911
2021-02-19,103,510350
2021-02-20,103,229617
2021-03-02,103,195657
2021-03-12,103,1613
2021-03-12,103,541918
2021-03-16,103,146966
2021-03-17,103,52799
2021-03-19,103,1260634
2021-03-23,103,256714
2021-03-23,103,1974788
2021-03-25,103,168564
2021-03-30,103,738374
2021-03-30,103,499516
2021-03-30,103,324729
2021-03-30,103,1760013
2021-03-30,103,336124
2021-03-30,103,1597202
2021-03-30,103,221331
2021-03-30,103,384508
2021-03-30,103,1020933
2021-05-22,31,1658866
2021-05-22,31,1602074
2021-05-22,31,1780125
2021-05-22,31,864160
2021-06-04,31,1122995
2021-06-04,31,330747
2021-06-04,31,328851
2021-06-04,31,1396826
2021-06-04,31,838972
2021-06-04,31,80721
2021-06-04,31,566820
2021-06-04,31,1351023
2021-06-04,31,1736891
2021-06-04,31,414941
2021-06-04,31,434769
2021-06-04,31,122349
2021-06-08,31,1586157
2021-06-09,31,287722
2021-06-09,31,290909
2021-06-11,31,875196
2021-06-11,31,1081472
2021-06-11,31,732164
2021-06-11,31,343976
2021-06-11,31,1297180
2021-06-11,31,386062
2021-06-11,31,1663008
2021-06-11,31,150793
2021-06-11,31,720543
2021-07-16,31,1004954
2021-07-19,31,1390350
2021-07-19,31,1007745
2021-07-19,31,1795578
2021-07-19,31,1540592
2021-07-19,31,861324
2021-07-19,31,1954856
2021-07-19,31,1521196
2021-07-19,31,861331
2021-07-19,31,1825473
2021-07-21,31,298624
2021-07-21,31,330956
2021-08-21,31,1818356
2021-08-21,31,328874
2021-09-01,31,1839376
2021-09-01,31,108077
2021-09-01,31,1714413
2021-09-01,31,57895
2021-09-01,31,1853252
2021-09-01,31,1012878
2021-09-01,31,1212035
2021-09-01,31,919543
2021-09-01,31,782225
2021-09-03,31,1537065
2021-09-03,31,1192249
2021-09-04,31,1239130
2021-09-04,31,1793726
2021-09-04,31,345419
2021-04-16,31,345721
2021-04-16,31,1199212
2021-06-18,89,1789326
2021-06-18,89,1015398
2021-06-18,89,919271
2021-06-18,89,1863549
2021-06-18,89,1937011
2021-06-18,89,1937815
2021-06-18,89,1554739
2021-07-08,89,1243221
2021-07-08,89,1188112
2021-07-08,89,1257991
2021-07-08,89,1287974
2021-07-08,89,1251116
2021-07-08,89,1351025
2021-07-08,89,1393663
2021-07-09,89,1341964
2021-07-09,89,2007293
2021-07-09,89,1598474
2021-07-09,89,2509795
2021-07-09,89,2510667
2021-07-09,89,2006445
2021-07-09,89,1094465
2021-07-10,89,1812390
2021-07-13,89,2085626
2021-07-13,89,1877672
2021-07-13,89,2074284
2021-07-13,89,1984346
2021-07-17,89,2095364
2021-07-19,89,2111226
2021-07-19,89,1758813
2021-07-19,89,1381245
2021-07-19,89,1606073
2021-07-24,89,1521628
2021-06-15,89,1691471
2021-06-17,89,15898
2021-06-17,89,1386214
2021-06-17,89,1883619
2021-06-17,89,1566201
2021-06-17,89,1649143
2021-06-19,89,95515
2021-06-19,89,838746
2021-06-19,89,1697383
2021-06-19,89,1554732
2021-06-19,89,2104853
2021-06-19,89,1738826
2021-06-19,89,112793
2021-06-19,89,1063379
2021-06-19,89,351545
2021-06-29,89,1632216
2021-06-29,89,1206025
2021-06-29,89,1004367
2021-07-04,89,2007878
2021-07-04,89,1090290
2021-07-04,89,1680850
2021-07-04,89,1090368
2021-04-13,38,1990359
2021-04-13,38,1457395
2021-04-13,38,1202497
2021-04-13,38,1966485
2021-04-13,38,1257052
2021-04-13,38,707576
2021-04-13,38,1857805
2021-04-13,38,1895749
2021-04-13,38,1212208
2021-05-27,38,2088768
2021-05-27,38,1212242
2021-05-27,38,1071032
2021-05-27,38,1578862
2021-05-27,38,1896550
2021-05-27,38,1256809
2021-05-27,38,122340
2021-05-27,38,1232321
2021-05-27,38,2005465
2021-05-27,38,1258444
2021-05-27,38,1353101
2021-05-27,38,1868491
2021-05-27,38,1825473
2021-05-29,38,92065
2021-06-17,38,1883543
2021-06-22,38,511398
2021-06-22,38,1889797
2021-06-22,38,705858
2021-06-22,38,1962861
2021-06-22,38,569893
2021-06-22,38,1261906
2021-06-22,38,845213
2021-06-22,38,1585924
2021-06-22,38,2102140
2021-08-01,38,1341969
2021-08-01,38,380637
2021-08-01,38,1602305
2021-08-01,38,991428
2021-08-01,38,1358141
2021-08-01,38,1451588
2021-08-01,38,8777
2021-08-01,38,1654599
2021-08-01,38,146930
2021-08-01,38,1536135
2021-08-01,38,1663008
2021-08-01,38,1031423
2021-08-01,38,2080571
2021-08-01,38,1311046
2021-08-01,38,386062
2021-08-01,38,765656
2021-05-25,46,485269
2021-05-25,46,1975522
2021-05-25,46,1597348
2021-05-25,46,1610869
2021-05-25,46,1610192
2021-06-17,46,1733625
2021-06-27,46,1909967
2021-06-30,46,1905857
2021-06-30,46,942516
2021-06-30,46,1367471
2021-06-30,46,2104032
2021-06-30,46,1190681
2021-07-01,46,1990693
2021-07-01,46,1631767
2021-07-01,46,1892653
2021-07-02,46,1056273
2021-07-03,46,1987588
2021-07-06,46,1820175
2021-07-06,46,927842
2021-07-06,46,1762241
2021-07-09,46,45236
2021-07-11,46,1041875
2021-07-11,46,2110430
2021-07-11,46,2024956
2021-07-12,46,1938249
2021-07-12,46,1775068
2021-07-12,46,1010204
2021-07-12,46,2010015
2021-07-12,46,327660
2021-07-12,46,2004494
2021-07-12,46,985032
2021-07-16,46,1219395
2021-07-16,46,1641800
2021-07-16,46,1995590
2021-07-16,46,2026395
2021-07-16,46,1364644
2021-07-16,46,337087
2021-07-16,46,1186635
2021-07-27,46,2000989
2021-07-27,46,2105690
2021-07-27,46,1760748
2021-07-30,46,1741304
2021-08-07,46,1559741
2021-08-07,46,1622857
2021-07-09,52,1249790
2021-07-09,52,1300735
2021-07-09,52,531722
2021-07-09,52,313487
2021-07-12,52,1075395
2021-07-12,52,288964
2021-07-14,52,1323888
2021-07-15,52,1295320
2021-07-17,52,6279
2021-07-20,52,5264
2021-07-20,52,847144
2021-07-23,52,762353
2021-07-25,52,1639248
2021-07-25,52,1653738
2021-07-25,52,74538
2021-07-25,52,1880809
2021-07-25,52,659336
2021-07-26,52,1089105
2021-07-26,52,797370
2021-07-26,52,97023
2021-07-29,52,217632
2021-07-29,52,183924
2021-07-29,52,6532
2021-07-30,52,632857
2021-08-06,52,739599
2021-08-15,52,1578603
2021-08-15,52,1779146
2021-08-15,52,917078
2021-08-21,52,839554
2021-08-21,52,368573
2021-09-07,52,438525
2021-09-07,52,1057655
2021-09-07,52,966499
2021-09-07,52,1407039
2021-06-25,52,67180
2021-06-25,52,448438
2021-06-25,52,187447
2021-06-25,52,427178
2021-07-08,52,1066833
2021-07-08,52,383301
2021-07-08,52,707721
2021-07-15,52,1430525
2021-07-15,52,1942386
2021-04-29,43,2001803
2021-05-08,43,1753944
2021-05-08,43,12458
2021-05-08,43,972656
2021-05-12,43,2018390
2021-05-12,43,1855630
2021-05-12,43,1843955
2021-05-12,43,1768073
2021-05-15,43,1000531
2021-05-22,43,1554722
2021-05-22,43,1975158
2021-05-22,43,365703
2021-05-28,43,581109
2021-05-28,43,1650986
2021-06-01,43,410572
2021-06-06,43,1882049
2021-06-10,43,949183
2021-06-12,43,1022791
2021-06-12,43,2082552
2021-06-12,43,742388
2021-06-12,43,1541998
2021-06-12,43,1035135
2021-06-12,43,1726511
2021-06-12,43,1015288
2021-06-19,43,76079
2021-06-22,43,1410862
2021-06-23,43,1529872
2021-06-23,43,1230818
2021-06-23,43,1015433
2021-06-23,43,1015192
2021-06-23,43,953234
2021-07-01,43,1270403
2021-07-01,43,118511
2021-07-02,43,629708
2021-07-06,43,1137535
2021-04-28,43,1262650
2021-04-28,43,1554739
2021-04-29,43,1262603
2021-04-29,43,760654
2021-04-29,43,1132823
2021-04-29,43,1202678
2021-05-08,43,23274
2021-05-08,43,164077
2021-08-21,59,214616
2021-08-21,59,14032
2021-08-21,59,864686
2021-08-21,59,1563433
2021-08-21,59,886547
2021-08-21,59,1320088
2021-08-21,59,341272
2021-08-21,59,894156
2021-09-04,59,1748311
2021-09-04,59,1967602
2021-09-04,59,1078255
2021-09-04,59,2098175
2021-09-04,59,2111330
2021-09-04,59,1880402
2021-09-04,59,23292
2021-09-04,59,2118332
2021-09-04,59,1757962
2021-09-04,59,2519122
2021-09-04,59,2885077
2021-09-04,59,2671285
2021-09-04,59,2118876
2021-09-04,59,1554202
2021-09-04,59,1868688
2021-09-04,59,2118919
2021-09-04,59,146130
2021-09-04,59,1650834
2021-07-12,59,444535
2021-07-13,59,19689
2021-07-14,59,83835
2021-07-24,59,1841421
2021-07-24,59,1386449
2021-07-25,59,554589
2021-07-25,59,1856417
2021-08-04,59,1354657
2021-08-04,59,861307
2021-08-04,59,864074
2021-08-04,59,532132
2021-08-05,59,1649143
2021-08-05,59,1902453
2021-04-25,101,1529146
2021-04-25,101,1663581
2021-04-25,101,1869958
2021-04-25,101,981074
2021-04-25,101,1662412
2021-04-25,101,991680
2021-04-29,101,1610911
2021-04-29,101,2077143
2021-05-21,101,706974
2021-05-21,101,1543917
2021-05-21,101,25248
2021-05-21,101,1485010
2021-05-21,101,1618480
2021-05-21,101,1697339
2021-05-21,101,976504
2021-05-21,101,362
2021-05-21,101,1372244
2021-05-21,101,1575243
2021-05-21,101,1132481
2021-05-21,101,1570297
2021-06-17,101,1483768
2021-06-17,101,1826208
2021-06-17,101,1917381
2021-06-23,101,1768073
2021-06-23,101,1623098
2021-07-14,101,327660
2021-07-14,101,1752322
2021-07-14,101,888291
2021-07-14,101,2105725
2021-07-14,101,1868729
2021-07-14,101,1196220
2021-07-21,101,19039
2021-07-22,101,361695
2021-04-30,76,145484
2021-05-05,76,312014
2021-05-07,76,1850206
2021-05-07,76,888280
2021-05-07,76,759813
2021-05-09,76,1931870
2021-05-09,76,1702814
2021-05-18,76,2019006
2021-05-21,76,2095283
2021-06-09,76,1047385
2021-07-30,76,1818138
2021-04-18,76,328898
2021-04-18,76,93089
2021-04-29,76,904327
2021-05-11,76,1588608
2021-05-11,76,980308
2021-05-13,76,264524
2021-05-13,76,247473
2021-05-19,76,888903
2021-05-19,76,368980
2021-05-20,76,554829
2021-05-26,76,916432
2021-05-26,76,864089
2021-05-26,76,1110680
2021-05-26,76,1782378
2021-07-04,76,1795465
2021-07-06,76,829521
2021-07-06,76,2082208
2021-07-06,76,1520584
2021-07-06,76,1627271
2021-07-06,76,1554120
2021-08-04,57,1960
2021-08-04,57,1475362
2021-08-06,57,104236
2021-08-17,57,395135
2021-08-27,57,261874
2021-08-27,57,185949
2021-08-27,57,1807871
2021-08-27,57,188160
2021-08-27,57,365685
2021-08-27,57,318344
2021-08-27,57,750148
2021-08-27,57,526991
2021-08-27,57,1820174
2021-08-27,57,300068
2021-08-27,57,213086
2021-08-27,57,259299
2021-08-27,57,708724
2021-08-27,57,91758
2021-08-27,57,152326
2021-08-27,57,86585
2021-08-27,57,13428
2021-08-27,57,472385
2021-08-27,57,396899
2021-08-27,57,740663
2021-04-23,57,528388
2021-06-01,57,1375895
2021-06-04,57,426844
2021-06-20,57,2005150
2021-06-20,57,546659
2021-06-21,57,1576248
2021-05-08,44,244595
2021-05-08,44,254991
2021-05-08,44,1554465
2021-05-08,44,2076822
2021-05-08,44,271613
2021-05-08,44,1653811
2021-05-08,44,1257657
2021-05-08,44,1878418
2021-05-08,44,1952204
2021-05-08,44,1744582
2021-08-08,44,27855
2021-08-12,44,1257297
2021-08-12,44,1562021
2021-08-14,44,1537959
2021-08-14,44,1216682
2021-08-20,44,2006965
2021-08-20,44,2006997
2021-08-20,44,2006974
2021-04-27,44,310003
2021-05-08,44,800291
2021-07-12,44,2088574
2021-07-12,44,1496209
2021-07-12,44,1197405
2021-08-08,44,546659
2021-08-08,44,1599428
2021-06-03,87,1374413
2021-06-03,87,1869334
2021-06-19,87,516512
2021-06-19,87,1347034
2021-06-19,87,29173
2021-06-19,87,989123
2021-06-19,87,313700
2021-06-19,87,875012
2021-06-19,87,1008909
2021-06-19,87,323012
2021-06-19,87,113993
2021-06-19,87,851789
2021-06-19,87,187089
2021-06-19,87,989219
2021-06-19,87,1787382
2021-06-19,87,503175
2021-06-19,87,123709
2021-08-15,87,875802
2021-08-15,87,988359
2021-08-15,87,472254
2021-08-15,87,255927
2021-08-15,87,1770171
2021-08-15,87,242215
2021-08-15,87,52013
2021-06-20,61,1573031
2021-06-20,61,1305604
2021-06-20,61,1615298
2021-06-22,61,1952382
2021-06-22,61,1912516
2021-06-25,61,753572
2021-06-25,61,1522098
2021-06-25,61,1917745
2021-06-25,61,852616
2021-06-25,61,1770443
2021-06-25,61,2098738
2021-06-25,61,1365774
2021-06-28,61,1166293
2021-06-28,61,2073946
2021-07-06,61,2015187
2021-07-06,61,1924348
2021-07-06,61,754009
2021-07-06,61,667352
2021-07-06,61,1678008
2021-07-07,61,2116122
2021-07-07,61,2116082
2021-07-22,61,1153325
2021-07-22,61,1185958
2021-07-22,61,872203
2021-05-21,32,16371
2021-05-21,32,492556
2021-05-21,32,253747
2021-05-21,32,1823071
2021-05-21,32,178127
2021-05-21,32,867245
2021-05-21,32,142029
2021-05-21,32,16377
2021-05-21,32,861647
2021-05-21,32,278308
2021-05-21,32,1702814
2021-05-21,32,128328
2021-05-21,32,244317
2021-05-21,32,1979824
2021-05-21,32,1585050
2021-05-21,32,1823121
2021-05-21,32,33025
2021-05-21,32,12552
2021-05-21,32,330956
2021-05-21,32,977232
2021-04-27,32,738145
2021-04-27,32,259299
2021-04-27,32,83449
2021-04-27,32,67253
2021-05-27,77,330956
2021-05-27,77,77767
2021-05-27,77,1554287
2021-05-27,77,1509149
2021-05-27,77,1584292
2021-05-27,77,16371
2021-05-27,77,1790200
2021-05-27,77,328952
2021-05-27,77,1839767
2021-05-27,77,1585050
2021-05-27,77,245216
2021-05-27,77,1658971
2021-07-09,77,1212647
2021-07-09,77,1586011
2021-07-09,77,86522
2021-07-10,77,1807092
2021-07-10,77,1585672
2021-07-10,77,1043054
2021-07-10,77,473713
2021-07-10,77,1007118
2021-07-10,77,2093451
2021-07-10,77,403696
2021-08-31,84,11015
2021-09-01,84,1839547
2021-09-01,84,1584941
2021-09-04,84,1201831
2021-09-04,84,1204866
2021-09-04,84,1063468
2021-09-04,84,1175146
2021-09-06,84,332486
2021-09-06,84,1921999
2021-09-06,84,8699
2021-09-06,84,1828959
2021-08-31,84,1119682
2021-08-31,84,649270
2021-08-31,84,269310
2021-08-31,84,1120350
2021-08-31,84,398044
2021-09-01,84,559168
2021-09-01,84,1199176
2021-09-01,84,1587388
2021-09-01,84,1584976
2021-09-01,84,1811976
2021-05-14,36,1481342
2021-04-15,36,165138
2021-05-13,36,584139
2021-05-14,36,1387801
2021-05-14,36,867155
2021-05-14,36,743567
2021-05-14,36,520528
2021-05-14,36,392061
2021-05-14,36,1043262
2021-05-14,36,115362
2021-05-14,36,1025310
2021-05-14,36,264516
2021-05-14,36,29354
2021-05-14,36,83146
2021-05-14,36,1383812
2021-05-14,36,561179
2021-05-14,36,832643
2021-05-14,36,584302
2021-05-14,36,104321
2021-05-14,36,43978
2021-06-08,96,302391
2021-06-08,96,108803
2021-06-08,96,1521139
2021-06-08,96,2023208
2021-06-08,96,334308
2021-06-08,96,1264793
2021-06-08,96,133228
2021-06-08,96,536433
2021-06-08,96,1110001
2021-06-08,96,1939226
2021-06-08,96,979786
2021-06-08,96,127494
2021-06-08,96,129031
2021-06-08,96,451592
2021-06-08,96,772539
2021-06-08,96,1762514
2021-06-08,96,7541
2021-06-17,96,435369
2021-06-17,96,754767
2021-06-17,96,903684
2021-04-20,39,2015502
2021-04-20,39,1712360
2021-04-13,39,410818
2021-04-13,39,1902814
2021-04-13,39,1323708
2021-04-13,39,2003136
2021-04-13,39,857910
2021-04-13,39,608845
2021-04-13,39,221555
2021-04-13,39,1721806
2021-04-13,39,256731
2021-04-13,39,997483
2021-04-13,39,305519
2021-05-12,39,2015355
2021-05-12,39,2014907
2021-06-06,39,798794
2021-06-06,39,738990
2021-06-06,39,852410
2021-06-06,39,367992
2021-05-08,79,257828
2021-05-08,79,1873386
2021-05-08,79,1397417
2021-05-27,79,744975
2021-05-27,79,1820550
2021-05-27,79,916719
2021-05-27,79,2076701
2021-05-27,79,970125
2021-05-27,79,252772
2021-06-26,79,291844
2021-06-26,79,274798
2021-06-26,79,458995
2021-06-26,79,2088875
2021-06-26,79,881815
2021-06-26,79,405087
2021-06-26,79,2087042
2021-06-26,79,1443458
2021-06-26,79,362339
2021-07-14,79,785341
2021-03-17,74,1190431
2021-03-26,74,173992
2021-06-29,74,1990964
2021-08-31,74,525267
2021-08-31,74,1876879
2021-08-31,74,1318902
2021-08-31,74,729757
2021-08-31,74,263475
2021-08-31,74,446493
2021-09-01,74,2089246
2021-09-06,74,651878
2021-03-16,74,1565020
2021-03-17,74,1605055
2021-03-18,74,142071
2021-03-24,74,883863
2021-03-24,74,511314
2021-03-24,74,339992
2021-03-30,74,1972605
2021-05-21,63,1381796
2021-05-26,63,1399685
2021-05-29,63,87490
2021-05-29,63,358400
2021-05-29,63,284130
2021-05-29,63,298539
2021-05-29,63,714246
2021-05-29,63,284093
2021-05-29,63,1708571
2021-05-29,63,814530
2021-05-29,63,1618306
2021-05-29,63,87511
2021-05-29,63,246320
2021-05-29,63,873760
2021-05-29,63,491370
2021-05-29,63,282064
2021-06-06,63,443769
2021-06-18,102,1189412
2021-06-18,102,1676951
2021-06-18,102,774240
2021-06-18,102,1951622
2021-08-17,102,889305
2021-09-05,102,1605165
2021-04-15,102,2006225
2021-04-15,102,112372
2021-05-15,102,1847411
2021-05-15,102,1075152
2021-05-15,102,327725
2021-05-15,102,1691390
2021-06-18,102,1906584
2021-06-18,102,1955677
2021-06-18,102,865373
2021-06-18,102,2008662
2021-06-18,102,1743610
2021-07-13,27,1264707
2021-07-14,27,636658
2021-07-16,27,1620832
2021-07-17,27,1873755
2021-07-21,27,1654706
2021-07-23,27,2012587
2021-07-23,27,19104
2021-07-23,27,2099677
2021-07-24,27,374852
2021-07-24,27,1400114
2021-07-27,27,560005
2021-07-27,27,486403
2021-07-28,27,868015
2021-07-29,27,1123323
2021-07-29,27,67265
2021-07-29,27,231694
2021-07-31,27,2008996
2021-07-07,25,518034
2021-07-07,25,1086859
2021-07-09,25,7412
2021-07-09,25,10061
2021-07-09,25,5885
2021-07-09,25,70869
2021-07-09,25,5790
2021-07-09,25,16094
2021-07-09,25,254322
2021-07-23,25,1939873
2021-08-02,25,1894834
2021-08-02,25,2112468
2021-08-02,25,612755
2021-08-03,25,1818397
2021-08-03,25,591987
2021-08-03,25,1708881
2021-08-29,22,1428566
2021-08-29,22,740286
2021-08-29,22,1011034
2021-08-29,22,1810515
2021-08-29,22,1272757
2021-08-29,22,1107254
2021-04-25,22,1809675
2021-04-25,22,1085106
2021-04-25,22,571257
2021-04-25,22,1809709
2021-04-25,22,731596
2021-05-10,22,939095
2021-05-10,22,397460
2021-05-10,22,939125
2021-06-06,22,364088
2021-06-14,22,1146001
2021-04-27,62,1304956
2021-04-27,62,418964
2021-04-27,62,1825292
2021-04-28,62,2006970
2021-04-28,62,138158
2021-04-28,62,1975524
2021-05-12,62,1390221
2021-05-12,62,1089247
2021-05-12,62,327832
2021-05-12,62,885824
2021-05-12,62,165989
2021-05-12,62,1923093
2021-05-12,62,1564513
2021-05-12,62,323376
2021-05-12,62,897075
2021-08-07,100,240378
2021-08-07,100,547972
2021-08-07,100,87716
2021-08-07,100,1296109
2021-08-07,100,1803965
2021-08-07,100,1610175
2021-08-07,100,739680
2021-08-07,100,1926714
2021-08-07,100,71753
2021-08-07,100,918938
2021-08-07,100,1963731
2021-08-07,100,2019178
2021-08-07,100,1803129
2021-08-07,100,1732973
2021-07-15,12,176416
2021-07-15,12,1600953
2021-07-15,12,1041607
2021-07-15,12,44925
2021-07-22,12,2000605
2021-07-22,12,6971
2021-07-22,12,1202678
2021-07-22,12,1844097
2021-07-22,12,612752
2021-07-22,12,366138
2021-07-25,12,2011332
2021-07-25,12,1559512
2021-04-26,70,270142
2021-04-29,70,428906
2021-04-29,70,437965
2021-07-05,70,2006253
2021-07-05,70,1372995
2021-04-28,70,248213
2021-04-28,70,33025
2021-04-28,70,319538
2021-04-28,70,328952
2021-04-28,70,1007595
2021-04-28,70,129436
2021-06-04,70,197065
2021-07-09,56,12657
2021-07-09,56,12648
2021-07-09,56,12635
2021-07-09,56,78373
2021-07-13,56,1213987
2021-07-13,56,1721883
2021-07-13,56,1214031
2021-07-13,56,1452165
2021-07-13,56,1350899
2021-07-19,56,1542241
2021-07-19,56,1552063
2021-07-01,94,275059
2021-07-12,94,2102746
2021-08-08,94,2205457
2021-08-16,94,2001117
2021-08-20,94,257233
2021-09-01,94,2117582
2021-09-02,94,24051
2021-09-02,94,1304756
2021-09-03,94,2016722
2021-09-04,94,1591943
2021-09-06,94,1874812
2021-02-11,72,914733
2021-02-12,72,1512269
2021-02-15,72,666309
2021-02-16,72,134642
2021-03-18,72,1956464
2021-03-18,72,221103
2021-03-18,72,1156211
2021-03-23,72,173992
2021-03-28,72,1524131
2021-02-15,72,379852
2021-03-11,72,790
2021-08-22,69,66030
2021-06-18,69,1967482
2021-06-18,69,1967566
2021-06-18,69,641398
2021-06-18,69,1581642
2021-06-18,69,1967726
2021-07-25,69,1090745
2021-07-26,69,2109735
2021-07-26,69,1299392
2021-07-31,69,1892321
2021-01-26,24,344217
2021-01-26,24,300057
2021-02-03,24,1318187
2021-02-15,24,1580373
2021-02-15,24,1952088
2021-02-15,24,1839397
2021-02-03,24,246739
2021-02-04,24,853240
2021-02-04,24,117777
2021-02-04,24,521241
2021-06-12,42,1257979
2021-06-12,42,389316
2021-06-12,42,852244
2021-06-12,42,1293517
2021-06-12,42,1888604
2021-06-12,42,872689
2021-06-12,42,1185596
2021-06-12,42,782756
2021-06-12,42,1663926
2021-06-12,42,1639638
2021-06-14,95,1554326
2021-06-14,95,2025406
2021-06-14,95,1601094
2021-06-14,95,1873089
2021-06-15,95,1533153
2021-06-20,95,1725375
2021-06-20,95,1878650
2021-06-20,95,999613
2021-06-20,95,1858088
2021-06-20,95,1623390
2021-06-29,97,1995990
2021-06-29,97,1899886
2021-06-29,97,2088574
2021-06-29,97,313014
2021-06-29,97,1047728
2021-07-07,97,2002768
2021-07-07,97,1630777
2021-07-07,97,329956
2021-07-07,97,1177523
2021-07-13,97,348658
2021-08-25,55,2016029
2021-08-05,55,653179
2021-08-05,55,872230
2021-08-05,55,1193314
2021-08-05,55,2459
2021-08-05,55,1824157
2021-08-17,55,2090250
2021-08-17,55,2017599
2021-08-17,55,243804
2021-05-20,8,1995433
2021-05-20,8,1165748
2021-05-23,8,1743601
2021-05-10,8,1564513
2021-05-19,8,1652611
2021-05-19,8,1686798
2021-05-20,8,1744799
2021-06-17,8,1918979
2021-06-17,8,2106971
2021-07-15,3,1317119
2021-07-15,3,1950615
2021-07-15,3,1863755
2021-07-15,3,982873
2021-07-15,3,1385528
2021-07-15,3,1829489
2021-07-15,3,1768309
2021-07-15,3,1487920
2021-07-15,3,373921
2021-08-17,9,1554633
2021-08-17,9,1740468
2021-08-17,9,341570
2021-08-17,9,1589086
2021-08-27,9,2005691
2021-08-28,9,1581375
2021-05-13,9,1610571
2021-08-28,9,229136
2021-08-28,9,402239
2021-05-14,4,14064
2021-05-14,4,2015870
2021-05-14,4,397764
2021-05-14,4,1374730
2021-05-14,4,1402788
2021-06-05,4,1537553
2021-06-05,4,1475890
2021-06-05,4,1613237
2021-06-30,86,715034
2021-07-01,86,1780301
2021-07-01,86,1575044
2021-07-01,86,100017
2021-07-04,86,917093
2021-07-04,86,1620428
2021-07-04,86,1072130
2021-07-04,86,6541
2021-06-08,93,2106944
2021-06-11,93,2097538
2021-06-13,93,1451140
2021-06-24,93,1819629
2021-06-24,93,1822277
2021-06-24,93,842813
2021-06-24,93,1917688
2021-06-24,93,676338
2021-06-10,66,96927
2021-06-10,66,836241
2021-06-10,66,1953148
2021-06-10,66,10515
2021-06-10,66,10516
2021-06-10,66,1505808
2021-06-10,66,267358
2021-06-10,66,327395
2021-08-08,15,361082
2021-08-13,15,1369490
2021-08-02,15,1649218
2021-08-02,15,1554358
2021-08-02,15,1631923
2021-08-02,15,1752465
2021-08-02,15,1649143
2021-08-02,15,831667
2021-06-02,35,1460
2021-06-02,35,1078539
2021-06-02,35,1133212
2021-06-02,35,402035
2021-06-02,35,1858242
2021-06-02,35,118779
2021-06-02,35,422212
2021-06-02,35,238769
2021-04-14,58,11418
2021-05-25,58,698571
2021-05-26,58,1786727
2021-07-06,58,1475951
2021-07-06,58,1189044
2021-07-07,58,1305677
2021-07-08,58,1653276
2021-07-08,58,2024537
2021-05-09,81,2001117
2021-05-13,81,1068567
2021-05-13,81,376123
2021-05-15,81,2012481
2021-05-15,81,1972231
2021-06-04,81,1907183
2021-06-10,81,1870007
2021-06-17,91,1538344
2021-06-17,91,1453528
2021-06-17,91,1913709
2021-06-17,91,173270
2021-07-29,91,572103
2021-07-29,91,1537947
2021-06-16,91,1902399
2021-05-18,47,1097208
2021-05-18,47,118624
2021-05-30,47,1811945
2021-05-30,47,2091579
2021-05-30,47,876517
2021-05-30,47,1093215
2021-06-28,47,1330097
2021-05-27,48,1160756
2021-05-27,48,1395826
2021-05-27,48,1450654
2021-05-27,48,1048883
2021-05-27,48,806845
2021-05-27,48,1165508
2021-05-27,48,1484214
2021-07-19,54,521681
2021-07-19,54,787804
2021-07-19,54,989182
2021-07-19,54,686982
2021-07-19,54,30367
2021-07-19,54,518586
2021-07-19,54,474245
2021-07-06,82,1304730
2021-07-06,82,2077075
2021-07-06,82,1196254
2021-07-11,82,2501709
2021-07-11,82,1939179
2021-07-13,82,570141
2021-05-07,29,874820
2021-05-07,29,1429450
2021-05-07,29,1980681
2021-05-07,29,89242
2021-05-07,29,47643
2021-05-07,29,1327272
2021-06-08,11,69426
2021-06-08,11,328952
2021-06-08,11,282073
2021-06-08,11,80966
2021-06-08,11,1744670
2021-06-08,11,397077
2021-05-24,85,1178427
2021-05-23,85,1178414
2021-06-17,85,15671
2021-06-19,85,1278761
2021-06-22,85,1627543
2021-06-22,85,1178417
2021-07-17,99,567429
2021-07-17,99,2499102
2021-07-18,99,2511873
2021-07-19,99,1232106
2021-07-20,99,73729
2021-08-07,99,1292077
2021-05-16,49,1271497
2021-05-16,49,1999295
2021-05-16,49,1284500
2021-05-16,49,1358470
2021-05-16,49,1938788
2021-05-29,49,1812940
2021-04-02,19,218333
2021-04-04,19,1386400
2021-04-04,19,548750
2021-04-04,19,1861409
2021-04-04,19,418964
2021-04-04,19,1382633
2021-07-21,71,253099
2021-07-21,71,625278
2021-07-22,71,1839495
2021-07-22,71,717064
2021-07-29,71,1726637
2021-07-29,71,1782265
2021-07-22,68,1038360
2021-06-17,68,1716809
2021-06-17,68,1704919
2021-06-28,68,1185093
2021-07-06,68,1768982
2021-07-10,68,485168
2021-04-21,28,1607105
2021-04-21,28,367860
2021-04-26,28,420277
2021-04-26,28,1587532
2021-04-26,28,1587526
2021-04-01,73,5067
2021-04-03,73,45517
2021-04-10,73,1982181
2021-03-25,73,1565020
2021-03-31,73,336125
2021-04-21,88,173586
2021-04-21,88,173533
2021-04-21,88,482872
2021-04-21,88,173551
2021-04-21,88,173536
2021-06-03,13,1910933
2021-06-03,13,209272
2021-06-03,13,703422
2021-06-03,13,426439
2021-06-03,13,1138317
